loc,angle
/home/ashwin/Downloads/IMG/center_2021_03_24_16_19_33_446.jpg,0
/home/ashwin/Downloads/IMG/center_2021_03_24_16_19_33_549.jpg,0
/home/ashwin/Downloads/IMG/center_2021_03_24_16_19_33_649.jpg,0
/home/ashwin/Downloads/IMG/center_2021_03_24_16_19_33_750.jpg,0
/home/ashwin/Downloads/IMG/center_2021_03_24_16_19_33_852.jpg,0
/home/ashwin/Downloads/IMG/center_2021_03_24_16_19_33_952.jpg,0
/home/ashwin/Downloads/IMG/center_2021_03_24_16_19_34_053.jpg,0
/home/ashwin/Downloads/IMG/center_2021_03_24_16_19_34_160.jpg,0
/home/ashwin/Downloads/IMG/center_2021_03_24_16_19_34_260.jpg,0
/home/ashwin/Downloads/IMG/center_2021_03_24_16_19_34_360.jpg,0
/home/ashwin/Downloads/IMG/center_2021_03_24_16_19_34_460.jpg,0
/home/ashwin/Downloads/IMG/center_2021_03_24_16_19_34_562.jpg,0
/home/ashwin/Downloads/IMG/center_2021_03_24_16_19_34_663.jpg,0
/home/ashwin/Downloads/IMG/center_2021_03_24_16_19_34_764.jpg,0
/home/ashwin/Downloads/IMG/center_2021_03_24_16_19_34_864.jpg,0
/home/ashwin/Downloads/IMG/center_2021_03_24_16_19_34_964.jpg,0
/home/ashwin/Downloads/IMG/center_2021_03_24_16_19_35_064.jpg,0
/home/ashwin/Downloads/IMG/center_2021_03_24_16_19_35_165.jpg,0
/home/ashwin/Downloads/IMG/center_2021_03_24_16_19_35_265.jpg,0
/home/ashwin/Downloads/IMG/center_2021_03_24_16_19_35_366.jpg,0
/home/ashwin/Downloads/IMG/center_2021_03_24_16_19_35_467.jpg,0
/home/ashwin/Downloads/IMG/center_2021_03_24_16_19_35_570.jpg,0
/home/ashwin/Downloads/IMG/center_2021_03_24_16_19_35_671.jpg,0
/home/ashwin/Downloads/IMG/center_2021_03_24_16_19_35_773.jpg,0
/home/ashwin/Downloads/IMG/center_2021_03_24_16_19_35_873.jpg,0
/home/ashwin/Downloads/IMG/center_2021_03_24_16_19_35_974.jpg,-0.28602
/home/ashwin/Downloads/IMG/center_2021_03_24_16_19_36_074.jpg,-0.5455163
/home/ashwin/Downloads/IMG/center_2021_03_24_16_19_36_174.jpg,-0.2520626
/home/ashwin/Downloads/IMG/center_2021_03_24_16_19_36_275.jpg,0
/home/ashwin/Downloads/IMG/center_2021_03_24_16_19_36_376.jpg,0
/home/ashwin/Downloads/IMG/center_2021_03_24_16_19_36_476.jpg,0
/home/ashwin/Downloads/IMG/center_2021_03_24_16_19_36_577.jpg,-0.07190394
/home/ashwin/Downloads/IMG/center_2021_03_24_16_19_36_678.jpg,-0.2988632
/home/ashwin/Downloads/IMG/center_2021_03_24_16_19_36_781.jpg,0
/home/ashwin/Downloads/IMG/center_2021_03_24_16_19_36_882.jpg,-0.02587795
/home/ashwin/Downloads/IMG/center_2021_03_24_16_19_36_983.jpg,-0.2395527
/home/ashwin/Downloads/IMG/center_2021_03_24_16_19_37_084.jpg,0
/home/ashwin/Downloads/IMG/center_2021_03_24_16_19_37_184.jpg,-0.06884122
/home/ashwin/Downloads/IMG/center_2021_03_24_16_19_37_285.jpg,-0.1653178
/home/ashwin/Downloads/IMG/center_2021_03_24_16_19_37_386.jpg,-0.006603241
/home/ashwin/Downloads/IMG/center_2021_03_24_16_19_37_486.jpg,-0.3052082
/home/ashwin/Downloads/IMG/center_2021_03_24_16_19_37_587.jpg,-0.1664672
/home/ashwin/Downloads/IMG/center_2021_03_24_16_19_37_687.jpg,-0.1509869
/home/ashwin/Downloads/IMG/center_2021_03_24_16_19_37_789.jpg,-0.3552718
/home/ashwin/Downloads/IMG/center_2021_03_24_16_19_37_889.jpg,-0.07233882
/home/ashwin/Downloads/IMG/center_2021_03_24_16_19_37_989.jpg,-0.3734665
/home/ashwin/Downloads/IMG/center_2021_03_24_16_19_38_091.jpg,-0.1596172
/home/ashwin/Downloads/IMG/center_2021_03_24_16_19_38_192.jpg,-0.1928909
/home/ashwin/Downloads/IMG/center_2021_03_24_16_19_38_293.jpg,-0.1057084
/home/ashwin/Downloads/IMG/center_2021_03_24_16_19_38_394.jpg,0
/home/ashwin/Downloads/IMG/center_2021_03_24_16_19_38_495.jpg,-0.02469563
/home/ashwin/Downloads/IMG/center_2021_03_24_16_19_38_596.jpg,-0.3069441
/home/ashwin/Downloads/IMG/center_2021_03_24_16_19_38_700.jpg,-0.008618116
/home/ashwin/Downloads/IMG/center_2021_03_24_16_19_38_800.jpg,-0.2796535
/home/ashwin/Downloads/IMG/center_2021_03_24_16_19_38_902.jpg,-0.09644294
/home/ashwin/Downloads/IMG/center_2021_03_24_16_19_39_002.jpg,-0.3178761
/home/ashwin/Downloads/IMG/center_2021_03_24_16_19_39_105.jpg,-0.2043021
/home/ashwin/Downloads/IMG/center_2021_03_24_16_19_39_205.jpg,-0.2107816
/home/ashwin/Downloads/IMG/center_2021_03_24_16_19_39_305.jpg,-0.2456775
/home/ashwin/Downloads/IMG/center_2021_03_24_16_19_39_405.jpg,0
/home/ashwin/Downloads/IMG/center_2021_03_24_16_19_39_506.jpg,0
/home/ashwin/Downloads/IMG/center_2021_03_24_16_19_39_607.jpg,-0.05121303
/home/ashwin/Downloads/IMG/center_2021_03_24_16_19_39_708.jpg,-0.1807659
/home/ashwin/Downloads/IMG/center_2021_03_24_16_19_39_809.jpg,-0.2604611
/home/ashwin/Downloads/IMG/center_2021_03_24_16_19_39_911.jpg,-0.3201313
/home/ashwin/Downloads/IMG/center_2021_03_24_16_19_40_013.jpg,-0.3592422
/home/ashwin/Downloads/IMG/center_2021_03_24_16_19_40_114.jpg,-0.3965142
/home/ashwin/Downloads/IMG/center_2021_03_24_16_19_40_214.jpg,-0.4593072
/home/ashwin/Downloads/IMG/center_2021_03_24_16_19_40_315.jpg,-0.4339778
/home/ashwin/Downloads/IMG/center_2021_03_24_16_19_40_415.jpg,-0.135016
/home/ashwin/Downloads/IMG/center_2021_03_24_16_19_40_516.jpg,0
/home/ashwin/Downloads/IMG/center_2021_03_24_16_19_40_618.jpg,0
/home/ashwin/Downloads/IMG/center_2021_03_24_16_19_40_719.jpg,-0.2496929
/home/ashwin/Downloads/IMG/center_2021_03_24_16_19_40_820.jpg,-0.1090436
/home/ashwin/Downloads/IMG/center_2021_03_24_16_19_40_922.jpg,-0.2717121
/home/ashwin/Downloads/IMG/center_2021_03_24_16_19_41_022.jpg,-0.153878
/home/ashwin/Downloads/IMG/center_2021_03_24_16_19_41_122.jpg,-0.1559393
/home/ashwin/Downloads/IMG/center_2021_03_24_16_19_41_223.jpg,0
/home/ashwin/Downloads/IMG/center_2021_03_24_16_19_41_325.jpg,-0.122268
/home/ashwin/Downloads/IMG/center_2021_03_24_16_19_41_425.jpg,0
/home/ashwin/Downloads/IMG/center_2021_03_24_16_19_41_526.jpg,-0.2584498
/home/ashwin/Downloads/IMG/center_2021_03_24_16_19_41_628.jpg,-0.05737281
/home/ashwin/Downloads/IMG/center_2021_03_24_16_19_41_728.jpg,-0.3695283
/home/ashwin/Downloads/IMG/center_2021_03_24_16_19_41_829.jpg,-0.2248986
/home/ashwin/Downloads/IMG/center_2021_03_24_16_19_41_930.jpg,-0.3365407
/home/ashwin/Downloads/IMG/center_2021_03_24_16_19_42_030.jpg,-0.3159349
/home/ashwin/Downloads/IMG/center_2021_03_24_16_19_42_139.jpg,-0.2108381
/home/ashwin/Downloads/IMG/center_2021_03_24_16_19_42_240.jpg,0
/home/ashwin/Downloads/IMG/center_2021_03_24_16_19_42_341.jpg,-0.1042171
/home/ashwin/Downloads/IMG/center_2021_03_24_16_19_42_442.jpg,-0.05962229
/home/ashwin/Downloads/IMG/center_2021_03_24_16_19_42_542.jpg,-0.1947605
/home/ashwin/Downloads/IMG/center_2021_03_24_16_19_42_643.jpg,-0.02840638
/home/ashwin/Downloads/IMG/center_2021_03_24_16_19_42_744.jpg,-0.2651653
/home/ashwin/Downloads/IMG/center_2021_03_24_16_19_42_845.jpg,-0.1204069
/home/ashwin/Downloads/IMG/center_2021_03_24_16_19_42_947.jpg,-0.08928466
/home/ashwin/Downloads/IMG/center_2021_03_24_16_19_43_048.jpg,0
/home/ashwin/Downloads/IMG/center_2021_03_24_16_19_43_150.jpg,0
/home/ashwin/Downloads/IMG/center_2021_03_24_16_19_43_250.jpg,0
/home/ashwin/Downloads/IMG/center_2021_03_24_16_19_43_352.jpg,0
/home/ashwin/Downloads/IMG/center_2021_03_24_16_19_43_452.jpg,0
/home/ashwin/Downloads/IMG/center_2021_03_24_16_19_43_554.jpg,0
/home/ashwin/Downloads/IMG/center_2021_03_24_16_19_43_655.jpg,0
/home/ashwin/Downloads/IMG/center_2021_03_24_16_19_43_756.jpg,0
/home/ashwin/Downloads/IMG/center_2021_03_24_16_19_43_858.jpg,0
/home/ashwin/Downloads/IMG/center_2021_03_24_16_19_43_959.jpg,0
/home/ashwin/Downloads/IMG/center_2021_03_24_16_19_44_061.jpg,0
/home/ashwin/Downloads/IMG/center_2021_03_24_16_19_44_163.jpg,0
/home/ashwin/Downloads/IMG/center_2021_03_24_16_19_44_265.jpg,0
/home/ashwin/Downloads/IMG/center_2021_03_24_16_19_44_365.jpg,0
/home/ashwin/Downloads/IMG/center_2021_03_24_16_19_44_467.jpg,0.2554743
/home/ashwin/Downloads/IMG/center_2021_03_24_16_19_44_568.jpg,0.1151741
/home/ashwin/Downloads/IMG/center_2021_03_24_16_19_44_668.jpg,0.1144137
/home/ashwin/Downloads/IMG/center_2021_03_24_16_19_44_769.jpg,0.3409703
/home/ashwin/Downloads/IMG/center_2021_03_24_16_19_44_870.jpg,0.3112793
/home/ashwin/Downloads/IMG/center_2021_03_24_16_19_44_970.jpg,0.5271442
/home/ashwin/Downloads/IMG/center_2021_03_24_16_19_45_073.jpg,0.2263849
/home/ashwin/Downloads/IMG/center_2021_03_24_16_19_45_175.jpg,0.3727283
/home/ashwin/Downloads/IMG/center_2021_03_24_16_19_45_276.jpg,0.07441449
/home/ashwin/Downloads/IMG/center_2021_03_24_16_19_45_378.jpg,0
/home/ashwin/Downloads/IMG/center_2021_03_24_16_19_45_478.jpg,0
/home/ashwin/Downloads/IMG/center_2021_03_24_16_19_45_579.jpg,0
/home/ashwin/Downloads/IMG/center_2021_03_24_16_19_45_681.jpg,0
/home/ashwin/Downloads/IMG/center_2021_03_24_16_19_45_782.jpg,0
/home/ashwin/Downloads/IMG/center_2021_03_24_16_19_45_883.jpg,0
/home/ashwin/Downloads/IMG/center_2021_03_24_16_19_45_994.jpg,0
/home/ashwin/Downloads/IMG/center_2021_03_24_16_19_46_096.jpg,0
/home/ashwin/Downloads/IMG/center_2021_03_24_16_19_46_199.jpg,0
/home/ashwin/Downloads/IMG/center_2021_03_24_16_19_46_304.jpg,0
/home/ashwin/Downloads/IMG/center_2021_03_24_16_19_46_405.jpg,0
/home/ashwin/Downloads/IMG/center_2021_03_24_16_19_46_506.jpg,0
/home/ashwin/Downloads/IMG/center_2021_03_24_16_19_46_607.jpg,0
/home/ashwin/Downloads/IMG/center_2021_03_24_16_19_46_708.jpg,0
/home/ashwin/Downloads/IMG/center_2021_03_24_16_19_46_808.jpg,0
/home/ashwin/Downloads/IMG/center_2021_03_24_16_19_46_909.jpg,0
/home/ashwin/Downloads/IMG/center_2021_03_24_16_19_47_014.jpg,0
/home/ashwin/Downloads/IMG/center_2021_03_24_16_19_47_115.jpg,0
/home/ashwin/Downloads/IMG/center_2021_03_24_16_19_47_216.jpg,0
/home/ashwin/Downloads/IMG/center_2021_03_24_16_19_47_317.jpg,0
/home/ashwin/Downloads/IMG/center_2021_03_24_16_19_47_417.jpg,0
/home/ashwin/Downloads/IMG/center_2021_03_24_16_19_47_518.jpg,0
/home/ashwin/Downloads/IMG/center_2021_03_24_16_19_47_618.jpg,0
/home/ashwin/Downloads/IMG/center_2021_03_24_16_19_47_719.jpg,0
/home/ashwin/Downloads/IMG/center_2021_03_24_16_19_47_820.jpg,0
/home/ashwin/Downloads/IMG/center_2021_03_24_16_19_47_921.jpg,0
/home/ashwin/Downloads/IMG/center_2021_03_24_16_19_48_023.jpg,0
/home/ashwin/Downloads/IMG/center_2021_03_24_16_19_48_124.jpg,0
/home/ashwin/Downloads/IMG/center_2021_03_24_16_19_48_224.jpg,0
/home/ashwin/Downloads/IMG/center_2021_03_24_16_19_48_326.jpg,0
/home/ashwin/Downloads/IMG/center_2021_03_24_16_19_48_427.jpg,0
/home/ashwin/Downloads/IMG/center_2021_03_24_16_19_48_527.jpg,0
/home/ashwin/Downloads/IMG/center_2021_03_24_16_19_48_629.jpg,0
/home/ashwin/Downloads/IMG/center_2021_03_24_16_19_48_729.jpg,0
/home/ashwin/Downloads/IMG/center_2021_03_24_16_19_48_832.jpg,0
/home/ashwin/Downloads/IMG/center_2021_03_24_16_19_48_934.jpg,0
/home/ashwin/Downloads/IMG/center_2021_03_24_16_19_49_035.jpg,0
/home/ashwin/Downloads/IMG/center_2021_03_24_16_19_49_137.jpg,0
/home/ashwin/Downloads/IMG/center_2021_03_24_16_19_49_238.jpg,0
/home/ashwin/Downloads/IMG/center_2021_03_24_16_19_49_339.jpg,0
/home/ashwin/Downloads/IMG/center_2021_03_24_16_19_49_440.jpg,0
/home/ashwin/Downloads/IMG/center_2021_03_24_16_19_49_542.jpg,0
/home/ashwin/Downloads/IMG/center_2021_03_24_16_19_49_643.jpg,0
/home/ashwin/Downloads/IMG/center_2021_03_24_16_19_49_743.jpg,0
/home/ashwin/Downloads/IMG/center_2021_03_24_16_19_49_845.jpg,0
/home/ashwin/Downloads/IMG/center_2021_03_24_16_19_49_945.jpg,0
/home/ashwin/Downloads/IMG/center_2021_03_24_16_19_50_046.jpg,0
/home/ashwin/Downloads/IMG/center_2021_03_24_16_19_50_148.jpg,0
/home/ashwin/Downloads/IMG/center_2021_03_24_16_19_50_250.jpg,0
/home/ashwin/Downloads/IMG/center_2021_03_24_16_19_50_352.jpg,0
/home/ashwin/Downloads/IMG/center_2021_03_24_16_19_50_452.jpg,0
/home/ashwin/Downloads/IMG/center_2021_03_24_16_19_50_553.jpg,0
/home/ashwin/Downloads/IMG/center_2021_03_24_16_19_50_655.jpg,0
/home/ashwin/Downloads/IMG/center_2021_03_24_16_19_50_755.jpg,0
/home/ashwin/Downloads/IMG/center_2021_03_24_16_19_50_856.jpg,0
/home/ashwin/Downloads/IMG/center_2021_03_24_16_19_50_956.jpg,0
/home/ashwin/Downloads/IMG/center_2021_03_24_16_19_51_057.jpg,0
/home/ashwin/Downloads/IMG/center_2021_03_24_16_19_51_159.jpg,0
/home/ashwin/Downloads/IMG/center_2021_03_24_16_19_51_260.jpg,0
/home/ashwin/Downloads/IMG/center_2021_03_24_16_19_51_360.jpg,0
/home/ashwin/Downloads/IMG/center_2021_03_24_16_19_51_462.jpg,0
/home/ashwin/Downloads/IMG/center_2021_03_24_16_19_51_564.jpg,0
/home/ashwin/Downloads/IMG/center_2021_03_24_16_19_51_664.jpg,0
/home/ashwin/Downloads/IMG/center_2021_03_24_16_19_51_765.jpg,0
/home/ashwin/Downloads/IMG/center_2021_03_24_16_19_51_867.jpg,0.2111578
/home/ashwin/Downloads/IMG/center_2021_03_24_16_19_51_968.jpg,0.2682631
/home/ashwin/Downloads/IMG/center_2021_03_24_16_19_52_069.jpg,0.08629775
/home/ashwin/Downloads/IMG/center_2021_03_24_16_19_52_169.jpg,0.2950673
/home/ashwin/Downloads/IMG/center_2021_03_24_16_19_52_270.jpg,0
/home/ashwin/Downloads/IMG/center_2021_03_24_16_19_52_370.jpg,0.1700306
/home/ashwin/Downloads/IMG/center_2021_03_24_16_19_52_472.jpg,0.006857872
/home/ashwin/Downloads/IMG/center_2021_03_24_16_19_52_572.jpg,0.1378412
/home/ashwin/Downloads/IMG/center_2021_03_24_16_19_52_673.jpg,0.2793396
/home/ashwin/Downloads/IMG/center_2021_03_24_16_19_52_774.jpg,0.1958521
/home/ashwin/Downloads/IMG/center_2021_03_24_16_19_52_875.jpg,0.1601129
/home/ashwin/Downloads/IMG/center_2021_03_24_16_19_52_977.jpg,0.1726549
/home/ashwin/Downloads/IMG/center_2021_03_24_16_19_53_077.jpg,0.1888912
/home/ashwin/Downloads/IMG/center_2021_03_24_16_19_53_178.jpg,0
/home/ashwin/Downloads/IMG/center_2021_03_24_16_19_53_278.jpg,0
/home/ashwin/Downloads/IMG/center_2021_03_24_16_19_53_378.jpg,0
/home/ashwin/Downloads/IMG/center_2021_03_24_16_19_53_479.jpg,0
/home/ashwin/Downloads/IMG/center_2021_03_24_16_19_53_580.jpg,0
/home/ashwin/Downloads/IMG/center_2021_03_24_16_19_53_680.jpg,0
/home/ashwin/Downloads/IMG/center_2021_03_24_16_19_53_781.jpg,0.1426771
/home/ashwin/Downloads/IMG/center_2021_03_24_16_19_53_881.jpg,0.1952891
/home/ashwin/Downloads/IMG/center_2021_03_24_16_19_53_981.jpg,0
/home/ashwin/Downloads/IMG/center_2021_03_24_16_19_54_082.jpg,0
/home/ashwin/Downloads/IMG/center_2021_03_24_16_19_54_183.jpg,0
/home/ashwin/Downloads/IMG/center_2021_03_24_16_19_54_283.jpg,0
/home/ashwin/Downloads/IMG/center_2021_03_24_16_19_54_385.jpg,0
/home/ashwin/Downloads/IMG/center_2021_03_24_16_19_54_485.jpg,0
/home/ashwin/Downloads/IMG/center_2021_03_24_16_19_54_586.jpg,0
/home/ashwin/Downloads/IMG/center_2021_03_24_16_19_54_687.jpg,0
/home/ashwin/Downloads/IMG/center_2021_03_24_16_19_54_789.jpg,0
/home/ashwin/Downloads/IMG/center_2021_03_24_16_19_54_889.jpg,0
/home/ashwin/Downloads/IMG/center_2021_03_24_16_19_54_990.jpg,0
/home/ashwin/Downloads/IMG/center_2021_03_24_16_19_55_091.jpg,0
/home/ashwin/Downloads/IMG/center_2021_03_24_16_19_55_192.jpg,0
/home/ashwin/Downloads/IMG/center_2021_03_24_16_19_55_293.jpg,0
/home/ashwin/Downloads/IMG/center_2021_03_24_16_19_55_394.jpg,0
/home/ashwin/Downloads/IMG/center_2021_03_24_16_19_55_494.jpg,0
/home/ashwin/Downloads/IMG/center_2021_03_24_16_19_55_594.jpg,0
/home/ashwin/Downloads/IMG/center_2021_03_24_16_19_55_694.jpg,0
/home/ashwin/Downloads/IMG/center_2021_03_24_16_19_55_795.jpg,0
/home/ashwin/Downloads/IMG/center_2021_03_24_16_19_55_896.jpg,0
/home/ashwin/Downloads/IMG/center_2021_03_24_16_19_55_997.jpg,0
/home/ashwin/Downloads/IMG/center_2021_03_24_16_19_56_097.jpg,0
/home/ashwin/Downloads/IMG/center_2021_03_24_16_19_56_198.jpg,-0.1955009
/home/ashwin/Downloads/IMG/center_2021_03_24_16_19_56_298.jpg,0
/home/ashwin/Downloads/IMG/center_2021_03_24_16_19_56_398.jpg,0
/home/ashwin/Downloads/IMG/center_2021_03_24_16_19_56_499.jpg,0
/home/ashwin/Downloads/IMG/center_2021_03_24_16_19_56_600.jpg,0
/home/ashwin/Downloads/IMG/center_2021_03_24_16_19_56_701.jpg,0
/home/ashwin/Downloads/IMG/center_2021_03_24_16_19_56_801.jpg,0
/home/ashwin/Downloads/IMG/center_2021_03_24_16_19_56_902.jpg,0
/home/ashwin/Downloads/IMG/center_2021_03_24_16_19_57_004.jpg,0
/home/ashwin/Downloads/IMG/center_2021_03_24_16_19_57_104.jpg,-0.2001779
/home/ashwin/Downloads/IMG/center_2021_03_24_16_19_57_205.jpg,-0.07223368
/home/ashwin/Downloads/IMG/center_2021_03_24_16_19_57_306.jpg,0
/home/ashwin/Downloads/IMG/center_2021_03_24_16_19_57_406.jpg,0
/home/ashwin/Downloads/IMG/center_2021_03_24_16_19_57_507.jpg,0
/home/ashwin/Downloads/IMG/center_2021_03_24_16_19_57_609.jpg,0
/home/ashwin/Downloads/IMG/center_2021_03_24_16_19_57_709.jpg,-0.242187
/home/ashwin/Downloads/IMG/center_2021_03_24_16_19_57_810.jpg,-0.02403331
/home/ashwin/Downloads/IMG/center_2021_03_24_16_19_57_912.jpg,-0.1746447
/home/ashwin/Downloads/IMG/center_2021_03_24_16_19_58_016.jpg,-0.1851118
/home/ashwin/Downloads/IMG/center_2021_03_24_16_19_58_117.jpg,-0.09048557
/home/ashwin/Downloads/IMG/center_2021_03_24_16_19_58_218.jpg,-0.2353435
/home/ashwin/Downloads/IMG/center_2021_03_24_16_19_58_319.jpg,0
/home/ashwin/Downloads/IMG/center_2021_03_24_16_19_58_420.jpg,0
/home/ashwin/Downloads/IMG/center_2021_03_24_16_19_58_521.jpg,0
/home/ashwin/Downloads/IMG/center_2021_03_24_16_19_58_622.jpg,-0.05876398
/home/ashwin/Downloads/IMG/center_2021_03_24_16_19_58_723.jpg,-0.3599875
/home/ashwin/Downloads/IMG/center_2021_03_24_16_19_58_823.jpg,-0.2747147
/home/ashwin/Downloads/IMG/center_2021_03_24_16_19_58_924.jpg,-0.567446
/home/ashwin/Downloads/IMG/center_2021_03_24_16_19_59_026.jpg,-0.2695763
/home/ashwin/Downloads/IMG/center_2021_03_24_16_19_59_126.jpg,-0.0621593
/home/ashwin/Downloads/IMG/center_2021_03_24_16_19_59_227.jpg,-0.06018806
/home/ashwin/Downloads/IMG/center_2021_03_24_16_19_59_328.jpg,0
/home/ashwin/Downloads/IMG/center_2021_03_24_16_19_59_429.jpg,0
/home/ashwin/Downloads/IMG/center_2021_03_24_16_19_59_529.jpg,0
/home/ashwin/Downloads/IMG/center_2021_03_24_16_19_59_630.jpg,-0.2585642
/home/ashwin/Downloads/IMG/center_2021_03_24_16_19_59_732.jpg,-0.2725718
/home/ashwin/Downloads/IMG/center_2021_03_24_16_19_59_832.jpg,-0.2983418
/home/ashwin/Downloads/IMG/center_2021_03_24_16_19_59_933.jpg,-0.3101199
/home/ashwin/Downloads/IMG/center_2021_03_24_16_20_00_034.jpg,-0.02698231
/home/ashwin/Downloads/IMG/center_2021_03_24_16_20_00_135.jpg,-0.3284404
/home/ashwin/Downloads/IMG/center_2021_03_24_16_20_00_237.jpg,-0.06948996
/home/ashwin/Downloads/IMG/center_2021_03_24_16_20_00_338.jpg,-0.2229688
/home/ashwin/Downloads/IMG/center_2021_03_24_16_20_00_439.jpg,-0.1104476
/home/ashwin/Downloads/IMG/center_2021_03_24_16_20_00_540.jpg,-0.1850817
/home/ashwin/Downloads/IMG/center_2021_03_24_16_20_00_641.jpg,-0.04693222
/home/ashwin/Downloads/IMG/center_2021_03_24_16_20_00_742.jpg,-0.2819881
/home/ashwin/Downloads/IMG/center_2021_03_24_16_20_00_843.jpg,-0.5818527
/home/ashwin/Downloads/IMG/center_2021_03_24_16_20_00_943.jpg,-0.8811986
/home/ashwin/Downloads/IMG/center_2021_03_24_16_20_01_044.jpg,-0.7466096
/home/ashwin/Downloads/IMG/center_2021_03_24_16_20_01_145.jpg,-0.4668832
/home/ashwin/Downloads/IMG/center_2021_03_24_16_20_01_246.jpg,-0.7674859
/home/ashwin/Downloads/IMG/center_2021_03_24_16_20_01_347.jpg,-0.5320337
/home/ashwin/Downloads/IMG/center_2021_03_24_16_20_01_447.jpg,-0.4827282
/home/ashwin/Downloads/IMG/center_2021_03_24_16_20_01_549.jpg,-0.4972637
/home/ashwin/Downloads/IMG/center_2021_03_24_16_20_01_650.jpg,-0.1989648
/home/ashwin/Downloads/IMG/center_2021_03_24_16_20_01_751.jpg,0
/home/ashwin/Downloads/IMG/center_2021_03_24_16_20_01_852.jpg,0.1639173
/home/ashwin/Downloads/IMG/center_2021_03_24_16_20_01_953.jpg,0.2662618
/home/ashwin/Downloads/IMG/center_2021_03_24_16_20_02_054.jpg,0.01378512
/home/ashwin/Downloads/IMG/center_2021_03_24_16_20_02_156.jpg,0.05714393
/home/ashwin/Downloads/IMG/center_2021_03_24_16_20_02_257.jpg,0
/home/ashwin/Downloads/IMG/center_2021_03_24_16_20_02_358.jpg,-0.04419923
/home/ashwin/Downloads/IMG/center_2021_03_24_16_20_02_458.jpg,-0.3420575
/home/ashwin/Downloads/IMG/center_2021_03_24_16_20_02_558.jpg,-0.2208488
/home/ashwin/Downloads/IMG/center_2021_03_24_16_20_02_659.jpg,-0.3602679
/home/ashwin/Downloads/IMG/center_2021_03_24_16_20_02_759.jpg,-0.2652705
/home/ashwin/Downloads/IMG/center_2021_03_24_16_20_02_859.jpg,-0.05788422
/home/ashwin/Downloads/IMG/center_2021_03_24_16_20_02_961.jpg,-0.3621619
/home/ashwin/Downloads/IMG/center_2021_03_24_16_20_03_063.jpg,-0.1097717
/home/ashwin/Downloads/IMG/center_2021_03_24_16_20_03_164.jpg,-0.07103062
/home/ashwin/Downloads/IMG/center_2021_03_24_16_20_03_264.jpg,-0.374799
/home/ashwin/Downloads/IMG/center_2021_03_24_16_20_03_365.jpg,-0.3155279
/home/ashwin/Downloads/IMG/center_2021_03_24_16_20_03_466.jpg,-0.3639179
/home/ashwin/Downloads/IMG/center_2021_03_24_16_20_03_567.jpg,-0.6612961
/home/ashwin/Downloads/IMG/center_2021_03_24_16_20_03_669.jpg,-0.3693187
/home/ashwin/Downloads/IMG/center_2021_03_24_16_20_03_770.jpg,-0.667423
/home/ashwin/Downloads/IMG/center_2021_03_24_16_20_03_873.jpg,-0.5170083
/home/ashwin/Downloads/IMG/center_2021_03_24_16_20_03_974.jpg,-0.2140388
/home/ashwin/Downloads/IMG/center_2021_03_24_16_20_04_076.jpg,0
/home/ashwin/Downloads/IMG/center_2021_03_24_16_20_04_176.jpg,0
/home/ashwin/Downloads/IMG/center_2021_03_24_16_20_04_277.jpg,-0.07180524
/home/ashwin/Downloads/IMG/center_2021_03_24_16_20_04_378.jpg,-0.2017114
/home/ashwin/Downloads/IMG/center_2021_03_24_16_20_04_480.jpg,0
/home/ashwin/Downloads/IMG/center_2021_03_24_16_20_04_582.jpg,-0.2947741
/home/ashwin/Downloads/IMG/center_2021_03_24_16_20_04_683.jpg,-0.07206345
/home/ashwin/Downloads/IMG/center_2021_03_24_16_20_04_783.jpg,0
/home/ashwin/Downloads/IMG/center_2021_03_24_16_20_04_884.jpg,-0.2882731
/home/ashwin/Downloads/IMG/center_2021_03_24_16_20_04_985.jpg,-0.1761904
/home/ashwin/Downloads/IMG/center_2021_03_24_16_20_05_086.jpg,-0.2934401
/home/ashwin/Downloads/IMG/center_2021_03_24_16_20_05_187.jpg,-0.1656189
/home/ashwin/Downloads/IMG/center_2021_03_24_16_20_05_288.jpg,0
/home/ashwin/Downloads/IMG/center_2021_03_24_16_20_05_389.jpg,0
/home/ashwin/Downloads/IMG/center_2021_03_24_16_20_05_490.jpg,0
/home/ashwin/Downloads/IMG/center_2021_03_24_16_20_05_591.jpg,0
/home/ashwin/Downloads/IMG/center_2021_03_24_16_20_05_692.jpg,0
/home/ashwin/Downloads/IMG/center_2021_03_24_16_20_05_795.jpg,0
/home/ashwin/Downloads/IMG/center_2021_03_24_16_20_05_897.jpg,-0.1569779
/home/ashwin/Downloads/IMG/center_2021_03_24_16_20_05_999.jpg,-0.1091223
/home/ashwin/Downloads/IMG/center_2021_03_24_16_20_06_099.jpg,0
/home/ashwin/Downloads/IMG/center_2021_03_24_16_20_06_200.jpg,0
/home/ashwin/Downloads/IMG/center_2021_03_24_16_20_06_302.jpg,0
/home/ashwin/Downloads/IMG/center_2021_03_24_16_20_06_404.jpg,0
/home/ashwin/Downloads/IMG/center_2021_03_24_16_20_06_504.jpg,0
/home/ashwin/Downloads/IMG/center_2021_03_24_16_20_06_604.jpg,0.1782088
/home/ashwin/Downloads/IMG/center_2021_03_24_16_20_06_706.jpg,0.2958834
/home/ashwin/Downloads/IMG/center_2021_03_24_16_20_06_808.jpg,0.07555747
/home/ashwin/Downloads/IMG/center_2021_03_24_16_20_06_908.jpg,0.2671945
/home/ashwin/Downloads/IMG/center_2021_03_24_16_20_07_009.jpg,0
/home/ashwin/Downloads/IMG/center_2021_03_24_16_20_07_109.jpg,0
/home/ashwin/Downloads/IMG/center_2021_03_24_16_20_07_210.jpg,0.01472998
/home/ashwin/Downloads/IMG/center_2021_03_24_16_20_07_311.jpg,0.316932
/home/ashwin/Downloads/IMG/center_2021_03_24_16_20_07_413.jpg,0.2571809
/home/ashwin/Downloads/IMG/center_2021_03_24_16_20_07_514.jpg,0.100369
/home/ashwin/Downloads/IMG/center_2021_03_24_16_20_07_618.jpg,0.3998194
/home/ashwin/Downloads/IMG/center_2021_03_24_16_20_07_718.jpg,0.1113696
/home/ashwin/Downloads/IMG/center_2021_03_24_16_20_07_819.jpg,0
/home/ashwin/Downloads/IMG/center_2021_03_24_16_20_07_919.jpg,0.2996879
/home/ashwin/Downloads/IMG/center_2021_03_24_16_20_08_021.jpg,0.2310927
/home/ashwin/Downloads/IMG/center_2021_03_24_16_20_08_122.jpg,0
/home/ashwin/Downloads/IMG/center_2021_03_24_16_20_08_224.jpg,0.2999403
/home/ashwin/Downloads/IMG/center_2021_03_24_16_20_08_325.jpg,0.2913594
/home/ashwin/Downloads/IMG/center_2021_03_24_16_20_08_427.jpg,0
/home/ashwin/Downloads/IMG/center_2021_03_24_16_20_08_528.jpg,0.1520698
/home/ashwin/Downloads/IMG/center_2021_03_24_16_20_08_629.jpg,0.4293781
/home/ashwin/Downloads/IMG/center_2021_03_24_16_20_08_730.jpg,0.1314747
/home/ashwin/Downloads/IMG/center_2021_03_24_16_20_08_831.jpg,0.03465343
/home/ashwin/Downloads/IMG/center_2021_03_24_16_20_08_931.jpg,0.1254394
/home/ashwin/Downloads/IMG/center_2021_03_24_16_20_09_033.jpg,0
/home/ashwin/Downloads/IMG/center_2021_03_24_16_20_09_133.jpg,0
/home/ashwin/Downloads/IMG/center_2021_03_24_16_20_09_235.jpg,0
/home/ashwin/Downloads/IMG/center_2021_03_24_16_20_09_336.jpg,0
/home/ashwin/Downloads/IMG/center_2021_03_24_16_20_09_436.jpg,0
/home/ashwin/Downloads/IMG/center_2021_03_24_16_20_09_538.jpg,0
/home/ashwin/Downloads/IMG/center_2021_03_24_16_20_09_639.jpg,0
/home/ashwin/Downloads/IMG/center_2021_03_24_16_20_09_740.jpg,0
/home/ashwin/Downloads/IMG/center_2021_03_24_16_20_09_842.jpg,0
/home/ashwin/Downloads/IMG/center_2021_03_24_16_20_09_942.jpg,0
/home/ashwin/Downloads/IMG/center_2021_03_24_16_20_10_044.jpg,0
/home/ashwin/Downloads/IMG/center_2021_03_24_16_20_10_145.jpg,0
/home/ashwin/Downloads/IMG/center_2021_03_24_16_20_10_245.jpg,0
/home/ashwin/Downloads/IMG/center_2021_03_24_16_20_10_346.jpg,0
/home/ashwin/Downloads/IMG/center_2021_03_24_16_20_10_447.jpg,0.05045128
/home/ashwin/Downloads/IMG/center_2021_03_24_16_20_10_549.jpg,0.4143841
/home/ashwin/Downloads/IMG/center_2021_03_24_16_20_10_651.jpg,0.11532
/home/ashwin/Downloads/IMG/center_2021_03_24_16_20_10_752.jpg,0
/home/ashwin/Downloads/IMG/center_2021_03_24_16_20_10_853.jpg,0
/home/ashwin/Downloads/IMG/center_2021_03_24_16_20_10_955.jpg,0
/home/ashwin/Downloads/IMG/center_2021_03_24_16_20_11_056.jpg,0.2848384
/home/ashwin/Downloads/IMG/center_2021_03_24_16_20_11_156.jpg,0.5843732
/home/ashwin/Downloads/IMG/center_2021_03_24_16_20_11_256.jpg,0.3301134
/home/ashwin/Downloads/IMG/center_2021_03_24_16_20_11_357.jpg,0.03034186
/home/ashwin/Downloads/IMG/center_2021_03_24_16_20_11_458.jpg,0.1525369
/home/ashwin/Downloads/IMG/center_2021_03_24_16_20_11_559.jpg,0
/home/ashwin/Downloads/IMG/center_2021_03_24_16_20_11_659.jpg,0.03557396
/home/ashwin/Downloads/IMG/center_2021_03_24_16_20_11_761.jpg,0.3324358
/home/ashwin/Downloads/IMG/center_2021_03_24_16_20_11_862.jpg,0.5353553
/home/ashwin/Downloads/IMG/center_2021_03_24_16_20_11_962.jpg,0.2357876
/home/ashwin/Downloads/IMG/center_2021_03_24_16_20_12_064.jpg,0.3826253
/home/ashwin/Downloads/IMG/center_2021_03_24_16_20_12_164.jpg,0.3654556
/home/ashwin/Downloads/IMG/center_2021_03_24_16_20_12_266.jpg,0.06583357
/home/ashwin/Downloads/IMG/center_2021_03_24_16_20_12_366.jpg,0.1433973
/home/ashwin/Downloads/IMG/center_2021_03_24_16_20_12_467.jpg,0.4427826
/home/ashwin/Downloads/IMG/center_2021_03_24_16_20_12_569.jpg,0.194418
/home/ashwin/Downloads/IMG/center_2021_03_24_16_20_12_670.jpg,0.2300455
/home/ashwin/Downloads/IMG/center_2021_03_24_16_20_12_771.jpg,0.5331059
/home/ashwin/Downloads/IMG/center_2021_03_24_16_20_12_872.jpg,0.3900118
/home/ashwin/Downloads/IMG/center_2021_03_24_16_20_12_974.jpg,0.08736563
/home/ashwin/Downloads/IMG/center_2021_03_24_16_20_13_075.jpg,0.3872159
/home/ashwin/Downloads/IMG/center_2021_03_24_16_20_13_175.jpg,0.5516338
/home/ashwin/Downloads/IMG/center_2021_03_24_16_20_13_275.jpg,0.2515225
/home/ashwin/Downloads/IMG/center_2021_03_24_16_20_13_377.jpg,0.1969921
/home/ashwin/Downloads/IMG/center_2021_03_24_16_20_13_477.jpg,0.4949219
/home/ashwin/Downloads/IMG/center_2021_03_24_16_20_13_578.jpg,0.6490381
/home/ashwin/Downloads/IMG/center_2021_03_24_16_20_13_679.jpg,0.3530366
/home/ashwin/Downloads/IMG/center_2021_03_24_16_20_13_780.jpg,0.5133147
/home/ashwin/Downloads/IMG/center_2021_03_24_16_20_13_881.jpg,0.7568936
/home/ashwin/Downloads/IMG/center_2021_03_24_16_20_13_981.jpg,0.4568903
/home/ashwin/Downloads/IMG/center_2021_03_24_16_20_14_082.jpg,0.1560624
/home/ashwin/Downloads/IMG/center_2021_03_24_16_20_14_183.jpg,0
/home/ashwin/Downloads/IMG/center_2021_03_24_16_20_14_283.jpg,0
/home/ashwin/Downloads/IMG/center_2021_03_24_16_20_14_385.jpg,0
/home/ashwin/Downloads/IMG/center_2021_03_24_16_20_14_485.jpg,0.286236
/home/ashwin/Downloads/IMG/center_2021_03_24_16_20_14_586.jpg,0.5390911
/home/ashwin/Downloads/IMG/center_2021_03_24_16_20_14_686.jpg,0.2376931
/home/ashwin/Downloads/IMG/center_2021_03_24_16_20_14_788.jpg,0.111243
/home/ashwin/Downloads/IMG/center_2021_03_24_16_20_14_890.jpg,0.02721047
/home/ashwin/Downloads/IMG/center_2021_03_24_16_20_14_990.jpg,0
/home/ashwin/Downloads/IMG/center_2021_03_24_16_20_15_091.jpg,0.2979448
/home/ashwin/Downloads/IMG/center_2021_03_24_16_20_15_191.jpg,0.2374763
/home/ashwin/Downloads/IMG/center_2021_03_24_16_20_15_292.jpg,0.01392889
/home/ashwin/Downloads/IMG/center_2021_03_24_16_20_15_392.jpg,0.2658548
/home/ashwin/Downloads/IMG/center_2021_03_24_16_20_15_492.jpg,0
/home/ashwin/Downloads/IMG/center_2021_03_24_16_20_15_593.jpg,0.1458356
/home/ashwin/Downloads/IMG/center_2021_03_24_16_20_15_694.jpg,0.2039631
/home/ashwin/Downloads/IMG/center_2021_03_24_16_20_15_796.jpg,0.0291996
/home/ashwin/Downloads/IMG/center_2021_03_24_16_20_15_901.jpg,0.3275585
/home/ashwin/Downloads/IMG/center_2021_03_24_16_20_16_001.jpg,0.2332048
/home/ashwin/Downloads/IMG/center_2021_03_24_16_20_16_102.jpg,0
/home/ashwin/Downloads/IMG/center_2021_03_24_16_20_16_202.jpg,0.01991987
/home/ashwin/Downloads/IMG/center_2021_03_24_16_20_16_303.jpg,0
/home/ashwin/Downloads/IMG/center_2021_03_24_16_20_16_404.jpg,0
/home/ashwin/Downloads/IMG/center_2021_03_24_16_20_16_504.jpg,0
/home/ashwin/Downloads/IMG/center_2021_03_24_16_20_16_605.jpg,0
/home/ashwin/Downloads/IMG/center_2021_03_24_16_20_16_705.jpg,0
/home/ashwin/Downloads/IMG/center_2021_03_24_16_20_16_806.jpg,0
/home/ashwin/Downloads/IMG/center_2021_03_24_16_20_16_907.jpg,0.1504347
/home/ashwin/Downloads/IMG/center_2021_03_24_16_20_17_008.jpg,0.1667962
/home/ashwin/Downloads/IMG/center_2021_03_24_16_20_17_109.jpg,0
/home/ashwin/Downloads/IMG/center_2021_03_24_16_20_17_210.jpg,0
/home/ashwin/Downloads/IMG/center_2021_03_24_16_20_17_310.jpg,0
/home/ashwin/Downloads/IMG/center_2021_03_24_16_20_17_412.jpg,-0.2928722
/home/ashwin/Downloads/IMG/center_2021_03_24_16_20_17_512.jpg,-0.1482503
/home/ashwin/Downloads/IMG/center_2021_03_24_16_20_17_613.jpg,0
/home/ashwin/Downloads/IMG/center_2021_03_24_16_20_17_713.jpg,0
/home/ashwin/Downloads/IMG/center_2021_03_24_16_20_17_814.jpg,0
/home/ashwin/Downloads/IMG/center_2021_03_24_16_20_17_915.jpg,-0.07693791
/home/ashwin/Downloads/IMG/center_2021_03_24_16_20_18_016.jpg,-0.2399247
/home/ashwin/Downloads/IMG/center_2021_03_24_16_20_18_117.jpg,-0.07774472
/home/ashwin/Downloads/IMG/center_2021_03_24_16_20_18_218.jpg,-0.3805375
/home/ashwin/Downloads/IMG/center_2021_03_24_16_20_18_318.jpg,-0.08870959
/home/ashwin/Downloads/IMG/center_2021_03_24_16_20_18_418.jpg,-0.2397415
/home/ashwin/Downloads/IMG/center_2021_03_24_16_20_18_521.jpg,-0.3938813
/home/ashwin/Downloads/IMG/center_2021_03_24_16_20_18_621.jpg,-0.1417887
/home/ashwin/Downloads/IMG/center_2021_03_24_16_20_18_721.jpg,-0.4014473
/home/ashwin/Downloads/IMG/center_2021_03_24_16_20_18_822.jpg,-0.09982109
/home/ashwin/Downloads/IMG/center_2021_03_24_16_20_18_923.jpg,0
/home/ashwin/Downloads/IMG/center_2021_03_24_16_20_19_024.jpg,0
/home/ashwin/Downloads/IMG/center_2021_03_24_16_20_19_124.jpg,0
/home/ashwin/Downloads/IMG/center_2021_03_24_16_20_19_225.jpg,0
/home/ashwin/Downloads/IMG/center_2021_03_24_16_20_19_325.jpg,0
/home/ashwin/Downloads/IMG/center_2021_03_24_16_20_19_427.jpg,0
/home/ashwin/Downloads/IMG/center_2021_03_24_16_20_19_527.jpg,0
/home/ashwin/Downloads/IMG/center_2021_03_24_16_20_19_628.jpg,0
/home/ashwin/Downloads/IMG/center_2021_03_24_16_20_19_728.jpg,0
/home/ashwin/Downloads/IMG/center_2021_03_24_16_20_19_829.jpg,0
/home/ashwin/Downloads/IMG/center_2021_03_24_16_20_19_933.jpg,0
/home/ashwin/Downloads/IMG/center_2021_03_24_16_20_20_033.jpg,0
/home/ashwin/Downloads/IMG/center_2021_03_24_16_20_20_134.jpg,0
/home/ashwin/Downloads/IMG/center_2021_03_24_16_20_20_234.jpg,0
/home/ashwin/Downloads/IMG/center_2021_03_24_16_20_20_334.jpg,0.2297695
/home/ashwin/Downloads/IMG/center_2021_03_24_16_20_20_435.jpg,0.3573961
/home/ashwin/Downloads/IMG/center_2021_03_24_16_20_20_535.jpg,0.05606389
/home/ashwin/Downloads/IMG/center_2021_03_24_16_20_20_635.jpg,0
/home/ashwin/Downloads/IMG/center_2021_03_24_16_20_20_735.jpg,0
/home/ashwin/Downloads/IMG/center_2021_03_24_16_20_20_836.jpg,0
/home/ashwin/Downloads/IMG/center_2021_03_24_16_20_20_937.jpg,0
/home/ashwin/Downloads/IMG/center_2021_03_24_16_20_21_038.jpg,0
/home/ashwin/Downloads/IMG/center_2021_03_24_16_20_21_138.jpg,0
/home/ashwin/Downloads/IMG/center_2021_03_24_16_20_21_239.jpg,0
/home/ashwin/Downloads/IMG/center_2021_03_24_16_20_21_340.jpg,0
/home/ashwin/Downloads/IMG/center_2021_03_24_16_20_21_440.jpg,0.05457616
/home/ashwin/Downloads/IMG/center_2021_03_24_16_20_21_540.jpg,0.3566966
/home/ashwin/Downloads/IMG/center_2021_03_24_16_20_21_640.jpg,0.2110019
/home/ashwin/Downloads/IMG/center_2021_03_24_16_20_21_741.jpg,0
/home/ashwin/Downloads/IMG/center_2021_03_24_16_20_21_841.jpg,0
/home/ashwin/Downloads/IMG/center_2021_03_24_16_20_21_942.jpg,0
/home/ashwin/Downloads/IMG/center_2021_03_24_16_20_22_043.jpg,0
/home/ashwin/Downloads/IMG/center_2021_03_24_16_20_22_143.jpg,0
/home/ashwin/Downloads/IMG/center_2021_03_24_16_20_22_243.jpg,0
/home/ashwin/Downloads/IMG/center_2021_03_24_16_20_22_344.jpg,-0.1640282
/home/ashwin/Downloads/IMG/center_2021_03_24_16_20_22_444.jpg,-0.3486392
/home/ashwin/Downloads/IMG/center_2021_03_24_16_20_22_545.jpg,-0.04886413
/home/ashwin/Downloads/IMG/center_2021_03_24_16_20_22_645.jpg,-0.07553744
/home/ashwin/Downloads/IMG/center_2021_03_24_16_20_22_745.jpg,-0.008141756
/home/ashwin/Downloads/IMG/center_2021_03_24_16_20_22_846.jpg,0
/home/ashwin/Downloads/IMG/center_2021_03_24_16_20_22_947.jpg,-0.2533114
/home/ashwin/Downloads/IMG/center_2021_03_24_16_20_23_047.jpg,-0.02032185
/home/ashwin/Downloads/IMG/center_2021_03_24_16_20_23_147.jpg,-0.2011678
/home/ashwin/Downloads/IMG/center_2021_03_24_16_20_23_248.jpg,-0.1164358
/home/ashwin/Downloads/IMG/center_2021_03_24_16_20_23_349.jpg,-0.2402287
/home/ashwin/Downloads/IMG/center_2021_03_24_16_20_23_449.jpg,-0.05104852
/home/ashwin/Downloads/IMG/center_2021_03_24_16_20_23_550.jpg,-0.1985493
/home/ashwin/Downloads/IMG/center_2021_03_24_16_20_23_650.jpg,-0.1393619
/home/ashwin/Downloads/IMG/center_2021_03_24_16_20_23_751.jpg,-0.2114396
/home/ashwin/Downloads/IMG/center_2021_03_24_16_20_23_851.jpg,-0.4782078
/home/ashwin/Downloads/IMG/center_2021_03_24_16_20_23_952.jpg,-0.2186329
/home/ashwin/Downloads/IMG/center_2021_03_24_16_20_24_053.jpg,-0.5193315
/home/ashwin/Downloads/IMG/center_2021_03_24_16_20_24_153.jpg,-0.2475279
/home/ashwin/Downloads/IMG/center_2021_03_24_16_20_24_253.jpg,-0.3730116
/home/ashwin/Downloads/IMG/center_2021_03_24_16_20_24_354.jpg,-0.07436442
/home/ashwin/Downloads/IMG/center_2021_03_24_16_20_24_455.jpg,-0.2103388
/home/ashwin/Downloads/IMG/center_2021_03_24_16_20_24_555.jpg,0
/home/ashwin/Downloads/IMG/center_2021_03_24_16_20_24_656.jpg,-0.1967704
/home/ashwin/Downloads/IMG/center_2021_03_24_16_20_24_757.jpg,-0.1147478
/home/ashwin/Downloads/IMG/center_2021_03_24_16_20_24_857.jpg,-0.2444193
/home/ashwin/Downloads/IMG/center_2021_03_24_16_20_24_957.jpg,-0.310308
/home/ashwin/Downloads/IMG/center_2021_03_24_16_20_25_058.jpg,-0.2406607
/home/ashwin/Downloads/IMG/center_2021_03_24_16_20_25_158.jpg,-0.3391449
/home/ashwin/Downloads/IMG/center_2021_03_24_16_20_25_258.jpg,-0.2299061
/home/ashwin/Downloads/IMG/center_2021_03_24_16_20_25_359.jpg,-0.4378302
/home/ashwin/Downloads/IMG/center_2021_03_24_16_20_25_459.jpg,-0.3691027
/home/ashwin/Downloads/IMG/center_2021_03_24_16_20_25_560.jpg,-0.4728398
/home/ashwin/Downloads/IMG/center_2021_03_24_16_20_25_661.jpg,-0.264199
/home/ashwin/Downloads/IMG/center_2021_03_24_16_20_25_761.jpg,-0.3877695
/home/ashwin/Downloads/IMG/center_2021_03_24_16_20_25_861.jpg,-0.09000993
/home/ashwin/Downloads/IMG/center_2021_03_24_16_20_25_962.jpg,-0.114747
/home/ashwin/Downloads/IMG/center_2021_03_24_16_20_26_063.jpg,-0.00783062
/home/ashwin/Downloads/IMG/center_2021_03_24_16_20_26_163.jpg,-0.1170266
/home/ashwin/Downloads/IMG/center_2021_03_24_16_20_26_264.jpg,-0.04405546
/home/ashwin/Downloads/IMG/center_2021_03_24_16_20_26_364.jpg,-0.1570981
/home/ashwin/Downloads/IMG/center_2021_03_24_16_20_26_465.jpg,-0.1143301
/home/ashwin/Downloads/IMG/center_2021_03_24_16_20_26_566.jpg,-0.2093883
/home/ashwin/Downloads/IMG/center_2021_03_24_16_20_26_667.jpg,-0.1195114
/home/ashwin/Downloads/IMG/center_2021_03_24_16_20_26_767.jpg,-0.3112829
/home/ashwin/Downloads/IMG/center_2021_03_24_16_20_26_868.jpg,-0.205596
/home/ashwin/Downloads/IMG/center_2021_03_24_16_20_26_968.jpg,-0.5069726
/home/ashwin/Downloads/IMG/center_2021_03_24_16_20_27_069.jpg,-0.8076239
/home/ashwin/Downloads/IMG/center_2021_03_24_16_20_27_170.jpg,-0.9571448
/home/ashwin/Downloads/IMG/center_2021_03_24_16_20_27_278.jpg,-0.6290591
/home/ashwin/Downloads/IMG/center_2021_03_24_16_20_27_378.jpg,-0.7934291
/home/ashwin/Downloads/IMG/center_2021_03_24_16_20_27_479.jpg,-0.6143777
/home/ashwin/Downloads/IMG/center_2021_03_24_16_20_27_581.jpg,-0.3133881
/home/ashwin/Downloads/IMG/center_2021_03_24_16_20_27_681.jpg,-0.01256585
/home/ashwin/Downloads/IMG/center_2021_03_24_16_20_27_781.jpg,0
/home/ashwin/Downloads/IMG/center_2021_03_24_16_20_27_881.jpg,0
/home/ashwin/Downloads/IMG/center_2021_03_24_16_20_27_982.jpg,0.202539
/home/ashwin/Downloads/IMG/center_2021_03_24_16_20_28_083.jpg,0.4986906
/home/ashwin/Downloads/IMG/center_2021_03_24_16_20_28_184.jpg,0.2549515
/home/ashwin/Downloads/IMG/center_2021_03_24_16_20_28_284.jpg,0
/home/ashwin/Downloads/IMG/center_2021_03_24_16_20_28_385.jpg,0
/home/ashwin/Downloads/IMG/center_2021_03_24_16_20_28_486.jpg,0
/home/ashwin/Downloads/IMG/center_2021_03_24_16_20_28_587.jpg,0
/home/ashwin/Downloads/IMG/center_2021_03_24_16_20_28_688.jpg,0
/home/ashwin/Downloads/IMG/center_2021_03_24_16_20_28_789.jpg,0
/home/ashwin/Downloads/IMG/center_2021_03_24_16_20_28_890.jpg,0
/home/ashwin/Downloads/IMG/center_2021_03_24_16_20_28_990.jpg,0
/home/ashwin/Downloads/IMG/center_2021_03_24_16_20_29_092.jpg,0
/home/ashwin/Downloads/IMG/center_2021_03_24_16_20_29_192.jpg,0
/home/ashwin/Downloads/IMG/center_2021_03_24_16_20_29_294.jpg,0
/home/ashwin/Downloads/IMG/center_2021_03_24_16_20_29_395.jpg,0.0147779
/home/ashwin/Downloads/IMG/center_2021_03_24_16_20_29_495.jpg,0.3150423
/home/ashwin/Downloads/IMG/center_2021_03_24_16_20_29_596.jpg,0.2144101
/home/ashwin/Downloads/IMG/center_2021_03_24_16_20_29_697.jpg,0
/home/ashwin/Downloads/IMG/center_2021_03_24_16_20_29_798.jpg,0
/home/ashwin/Downloads/IMG/center_2021_03_24_16_20_29_898.jpg,0.03614116
/home/ashwin/Downloads/IMG/center_2021_03_24_16_20_29_998.jpg,0.3306992
/home/ashwin/Downloads/IMG/center_2021_03_24_16_20_30_099.jpg,0.5254955
/home/ashwin/Downloads/IMG/center_2021_03_24_16_20_30_200.jpg,0.2273312
/home/ashwin/Downloads/IMG/center_2021_03_24_16_20_30_301.jpg,0
/home/ashwin/Downloads/IMG/center_2021_03_24_16_20_30_401.jpg,0
/home/ashwin/Downloads/IMG/center_2021_03_24_16_20_30_502.jpg,-0.009665966
/home/ashwin/Downloads/IMG/center_2021_03_24_16_20_30_603.jpg,-0.31023
/home/ashwin/Downloads/IMG/center_2021_03_24_16_20_30_704.jpg,-0.3294868
/home/ashwin/Downloads/IMG/center_2021_03_24_16_20_30_805.jpg,-0.02760243
/home/ashwin/Downloads/IMG/center_2021_03_24_16_20_30_905.jpg,0
/home/ashwin/Downloads/IMG/center_2021_03_24_16_20_31_006.jpg,0
/home/ashwin/Downloads/IMG/center_2021_03_24_16_20_31_107.jpg,0.09384584
/home/ashwin/Downloads/IMG/center_2021_03_24_16_20_31_209.jpg,0.2027464
/home/ashwin/Downloads/IMG/center_2021_03_24_16_20_31_309.jpg,0
/home/ashwin/Downloads/IMG/center_2021_03_24_16_20_31_410.jpg,0
/home/ashwin/Downloads/IMG/center_2021_03_24_16_20_31_512.jpg,0
/home/ashwin/Downloads/IMG/center_2021_03_24_16_20_31_613.jpg,0
/home/ashwin/Downloads/IMG/center_2021_03_24_16_20_31_713.jpg,0
/home/ashwin/Downloads/IMG/center_2021_03_24_16_20_31_814.jpg,0
/home/ashwin/Downloads/IMG/center_2021_03_24_16_20_31_914.jpg,0
/home/ashwin/Downloads/IMG/center_2021_03_24_16_20_32_016.jpg,0
/home/ashwin/Downloads/IMG/center_2021_03_24_16_20_32_116.jpg,0
/home/ashwin/Downloads/IMG/center_2021_03_24_16_20_32_218.jpg,0
/home/ashwin/Downloads/IMG/center_2021_03_24_16_20_32_319.jpg,0
/home/ashwin/Downloads/IMG/center_2021_03_24_16_20_32_421.jpg,0
/home/ashwin/Downloads/IMG/center_2021_03_24_16_20_32_521.jpg,0
/home/ashwin/Downloads/IMG/center_2021_03_24_16_20_32_621.jpg,0
/home/ashwin/Downloads/IMG/center_2021_03_24_16_20_32_722.jpg,0
/home/ashwin/Downloads/IMG/center_2021_03_24_16_20_32_823.jpg,0
/home/ashwin/Downloads/IMG/center_2021_03_24_16_20_32_923.jpg,0
/home/ashwin/Downloads/IMG/center_2021_03_24_16_20_33_024.jpg,0
/home/ashwin/Downloads/IMG/center_2021_03_24_16_20_33_125.jpg,0
/home/ashwin/Downloads/IMG/center_2021_03_24_16_20_33_227.jpg,0
/home/ashwin/Downloads/IMG/center_2021_03_24_16_20_33_328.jpg,0
/home/ashwin/Downloads/IMG/center_2021_03_24_16_20_33_428.jpg,-0.1202374
/home/ashwin/Downloads/IMG/center_2021_03_24_16_20_33_529.jpg,-0.4217735
/home/ashwin/Downloads/IMG/center_2021_03_24_16_20_33_630.jpg,-0.1756468
/home/ashwin/Downloads/IMG/center_2021_03_24_16_20_33_732.jpg,0
/home/ashwin/Downloads/IMG/center_2021_03_24_16_20_33_833.jpg,-0.2553327
/home/ashwin/Downloads/IMG/center_2021_03_24_16_20_33_934.jpg,-0.3450408
/home/ashwin/Downloads/IMG/center_2021_03_24_16_20_34_036.jpg,-0.2194247
/home/ashwin/Downloads/IMG/center_2021_03_24_16_20_34_137.jpg,-0.519011
/home/ashwin/Downloads/IMG/center_2021_03_24_16_20_34_238.jpg,-0.3894167
/home/ashwin/Downloads/IMG/center_2021_03_24_16_20_34_339.jpg,-0.3755085
/home/ashwin/Downloads/IMG/center_2021_03_24_16_20_34_441.jpg,-0.442214
/home/ashwin/Downloads/IMG/center_2021_03_24_16_20_34_542.jpg,-0.1724689
/home/ashwin/Downloads/IMG/center_2021_03_24_16_20_34_643.jpg,-0.2200184
/home/ashwin/Downloads/IMG/center_2021_03_24_16_20_34_743.jpg,0
/home/ashwin/Downloads/IMG/center_2021_03_24_16_20_34_844.jpg,0
/home/ashwin/Downloads/IMG/center_2021_03_24_16_20_34_945.jpg,0
/home/ashwin/Downloads/IMG/center_2021_03_24_16_20_35_046.jpg,0
/home/ashwin/Downloads/IMG/center_2021_03_24_16_20_35_146.jpg,-0.2475779
/home/ashwin/Downloads/IMG/center_2021_03_24_16_20_35_248.jpg,-0.1851518
/home/ashwin/Downloads/IMG/center_2021_03_24_16_20_35_349.jpg,0
/home/ashwin/Downloads/IMG/center_2021_03_24_16_20_35_450.jpg,0
/home/ashwin/Downloads/IMG/center_2021_03_24_16_20_35_551.jpg,0
/home/ashwin/Downloads/IMG/center_2021_03_24_16_20_35_651.jpg,0
/home/ashwin/Downloads/IMG/center_2021_03_24_16_20_35_753.jpg,0
/home/ashwin/Downloads/IMG/center_2021_03_24_16_20_35_854.jpg,0
/home/ashwin/Downloads/IMG/center_2021_03_24_16_20_35_954.jpg,-0.1744437
/home/ashwin/Downloads/IMG/center_2021_03_24_16_20_36_055.jpg,-0.1788275
/home/ashwin/Downloads/IMG/center_2021_03_24_16_20_36_156.jpg,0
/home/ashwin/Downloads/IMG/center_2021_03_24_16_20_36_257.jpg,0
/home/ashwin/Downloads/IMG/center_2021_03_24_16_20_36_358.jpg,0
/home/ashwin/Downloads/IMG/center_2021_03_24_16_20_36_459.jpg,0
/home/ashwin/Downloads/IMG/center_2021_03_24_16_20_36_560.jpg,0
/home/ashwin/Downloads/IMG/center_2021_03_24_16_20_36_660.jpg,0
/home/ashwin/Downloads/IMG/center_2021_03_24_16_20_36_762.jpg,0
/home/ashwin/Downloads/IMG/center_2021_03_24_16_20_36_862.jpg,0
/home/ashwin/Downloads/IMG/center_2021_03_24_16_20_36_963.jpg,0
/home/ashwin/Downloads/IMG/center_2021_03_24_16_20_37_063.jpg,0
/home/ashwin/Downloads/IMG/center_2021_03_24_16_20_37_164.jpg,0
/home/ashwin/Downloads/IMG/center_2021_03_24_16_20_37_265.jpg,0
/home/ashwin/Downloads/IMG/center_2021_03_24_16_20_37_366.jpg,0.1215656
/home/ashwin/Downloads/IMG/center_2021_03_24_16_20_37_467.jpg,0
/home/ashwin/Downloads/IMG/center_2021_03_24_16_20_37_569.jpg,0.258198
/home/ashwin/Downloads/IMG/center_2021_03_24_16_20_37_669.jpg,0
/home/ashwin/Downloads/IMG/center_2021_03_24_16_20_37_770.jpg,0
/home/ashwin/Downloads/IMG/center_2021_03_24_16_20_37_871.jpg,0
/home/ashwin/Downloads/IMG/center_2021_03_24_16_20_37_971.jpg,0.3014703
/home/ashwin/Downloads/IMG/center_2021_03_24_16_20_38_071.jpg,0.178575
/home/ashwin/Downloads/IMG/center_2021_03_24_16_20_38_172.jpg,0.2192845
/home/ashwin/Downloads/IMG/center_2021_03_24_16_20_38_272.jpg,0.3405054
/home/ashwin/Downloads/IMG/center_2021_03_24_16_20_38_373.jpg,0.03803873
/home/ashwin/Downloads/IMG/center_2021_03_24_16_20_38_474.jpg,0
/home/ashwin/Downloads/IMG/center_2021_03_24_16_20_38_574.jpg,0.2250867
/home/ashwin/Downloads/IMG/center_2021_03_24_16_20_38_674.jpg,0.3317371
/home/ashwin/Downloads/IMG/center_2021_03_24_16_20_38_774.jpg,0.03446746
/home/ashwin/Downloads/IMG/center_2021_03_24_16_20_38_875.jpg,0.238482
/home/ashwin/Downloads/IMG/center_2021_03_24_16_20_38_975.jpg,0
/home/ashwin/Downloads/IMG/center_2021_03_24_16_20_39_076.jpg,0.1687174
/home/ashwin/Downloads/IMG/center_2021_03_24_16_20_39_177.jpg,0.2500684
/home/ashwin/Downloads/IMG/center_2021_03_24_16_20_39_277.jpg,0.02281523
/home/ashwin/Downloads/IMG/center_2021_03_24_16_20_39_378.jpg,0.321099
/home/ashwin/Downloads/IMG/center_2021_03_24_16_20_39_478.jpg,0.1679907
/home/ashwin/Downloads/IMG/center_2021_03_24_16_20_39_585.jpg,0.2317615
/home/ashwin/Downloads/IMG/center_2021_03_24_16_20_39_685.jpg,0.3641038
/home/ashwin/Downloads/IMG/center_2021_03_24_16_20_39_786.jpg,0.06450605
/home/ashwin/Downloads/IMG/center_2021_03_24_16_20_39_886.jpg,0.2595356
/home/ashwin/Downloads/IMG/center_2021_03_24_16_20_39_987.jpg,0.2484205
/home/ashwin/Downloads/IMG/center_2021_03_24_16_20_40_087.jpg,0
/home/ashwin/Downloads/IMG/center_2021_03_24_16_20_40_187.jpg,0.2437978
/home/ashwin/Downloads/IMG/center_2021_03_24_16_20_40_288.jpg,0.2516649
/home/ashwin/Downloads/IMG/center_2021_03_24_16_20_40_388.jpg,0.07875896
/home/ashwin/Downloads/IMG/center_2021_03_24_16_20_40_489.jpg,0.2725646
/home/ashwin/Downloads/IMG/center_2021_03_24_16_20_40_589.jpg,0
/home/ashwin/Downloads/IMG/center_2021_03_24_16_20_40_689.jpg,0.1745939
/home/ashwin/Downloads/IMG/center_2021_03_24_16_20_40_791.jpg,0.3741746
/home/ashwin/Downloads/IMG/center_2021_03_24_16_20_40_892.jpg,0.0742135
/home/ashwin/Downloads/IMG/center_2021_03_24_16_20_40_992.jpg,0.167289
/home/ashwin/Downloads/IMG/center_2021_03_24_16_20_41_093.jpg,0.248349
/home/ashwin/Downloads/IMG/center_2021_03_24_16_20_41_193.jpg,0
/home/ashwin/Downloads/IMG/center_2021_03_24_16_20_41_293.jpg,0.2327821
/home/ashwin/Downloads/IMG/center_2021_03_24_16_20_41_394.jpg,0.1715641
/home/ashwin/Downloads/IMG/center_2021_03_24_16_20_41_495.jpg,0.1912794
/home/ashwin/Downloads/IMG/center_2021_03_24_16_20_41_595.jpg,0.2092159
/home/ashwin/Downloads/IMG/center_2021_03_24_16_20_41_696.jpg,0
/home/ashwin/Downloads/IMG/center_2021_03_24_16_20_41_796.jpg,0.09641147
/home/ashwin/Downloads/IMG/center_2021_03_24_16_20_41_897.jpg,0.1751468
/home/ashwin/Downloads/IMG/center_2021_03_24_16_20_41_998.jpg,0
/home/ashwin/Downloads/IMG/center_2021_03_24_16_20_42_099.jpg,0.18279
/home/ashwin/Downloads/IMG/center_2021_03_24_16_20_42_200.jpg,0.051615
/home/ashwin/Downloads/IMG/center_2021_03_24_16_20_42_310.jpg,0.1862791
/home/ashwin/Downloads/IMG/center_2021_03_24_16_20_42_411.jpg,0.11166
/home/ashwin/Downloads/IMG/center_2021_03_24_16_20_42_512.jpg,0.1310821
/home/ashwin/Downloads/IMG/center_2021_03_24_16_20_42_612.jpg,0
/home/ashwin/Downloads/IMG/center_2021_03_24_16_20_42_713.jpg,0.1777053
/home/ashwin/Downloads/IMG/center_2021_03_24_16_20_42_813.jpg,0.3255601
/home/ashwin/Downloads/IMG/center_2021_03_24_16_20_42_914.jpg,0.1229725
/home/ashwin/Downloads/IMG/center_2021_03_24_16_20_43_015.jpg,0.4253576
/home/ashwin/Downloads/IMG/center_2021_03_24_16_20_43_115.jpg,0.1548858
/home/ashwin/Downloads/IMG/center_2021_03_24_16_20_43_216.jpg,0
/home/ashwin/Downloads/IMG/center_2021_03_24_16_20_43_316.jpg,0.06399608
/home/ashwin/Downloads/IMG/center_2021_03_24_16_20_43_421.jpg,0.3655436
/home/ashwin/Downloads/IMG/center_2021_03_24_16_20_43_522.jpg,0.2686622
/home/ashwin/Downloads/IMG/center_2021_03_24_16_20_43_622.jpg,0
/home/ashwin/Downloads/IMG/center_2021_03_24_16_20_43_723.jpg,0.229929
/home/ashwin/Downloads/IMG/center_2021_03_24_16_20_43_823.jpg,0.4218442
/home/ashwin/Downloads/IMG/center_2021_03_24_16_20_43_924.jpg,0.1212623
/home/ashwin/Downloads/IMG/center_2021_03_24_16_20_44_025.jpg,0.2826741
/home/ashwin/Downloads/IMG/center_2021_03_24_16_20_44_126.jpg,0.5754941
/home/ashwin/Downloads/IMG/center_2021_03_24_16_20_44_226.jpg,0.2748313
/home/ashwin/Downloads/IMG/center_2021_03_24_16_20_44_327.jpg,0
/home/ashwin/Downloads/IMG/center_2021_03_24_16_20_44_428.jpg,0
/home/ashwin/Downloads/IMG/center_2021_03_24_16_20_44_529.jpg,0
/home/ashwin/Downloads/IMG/center_2021_03_24_16_20_44_629.jpg,0
/home/ashwin/Downloads/IMG/center_2021_03_24_16_20_44_730.jpg,0.2218916
/home/ashwin/Downloads/IMG/center_2021_03_24_16_20_44_830.jpg,0.5205925
/home/ashwin/Downloads/IMG/center_2021_03_24_16_20_44_931.jpg,0.405633
/home/ashwin/Downloads/IMG/center_2021_03_24_16_20_45_032.jpg,0.1079578
/home/ashwin/Downloads/IMG/center_2021_03_24_16_20_45_132.jpg,0.193938
/home/ashwin/Downloads/IMG/center_2021_03_24_16_20_45_233.jpg,0.4664512
/home/ashwin/Downloads/IMG/center_2021_03_24_16_20_45_333.jpg,0.1661274
/home/ashwin/Downloads/IMG/center_2021_03_24_16_20_45_434.jpg,0.146739
/home/ashwin/Downloads/IMG/center_2021_03_24_16_20_45_535.jpg,0.1741083
/home/ashwin/Downloads/IMG/center_2021_03_24_16_20_45_635.jpg,0
/home/ashwin/Downloads/IMG/center_2021_03_24_16_20_45_736.jpg,0
/home/ashwin/Downloads/IMG/center_2021_03_24_16_20_45_837.jpg,0
/home/ashwin/Downloads/IMG/center_2021_03_24_16_20_45_937.jpg,0.04238105
/home/ashwin/Downloads/IMG/center_2021_03_24_16_20_46_037.jpg,0.3415768
/home/ashwin/Downloads/IMG/center_2021_03_24_16_20_46_143.jpg,0.4002785
/home/ashwin/Downloads/IMG/center_2021_03_24_16_20_46_243.jpg,0.0997324
/home/ashwin/Downloads/IMG/center_2021_03_24_16_20_46_344.jpg,0
/home/ashwin/Downloads/IMG/center_2021_03_24_16_20_46_444.jpg,0.1580672
/home/ashwin/Downloads/IMG/center_2021_03_24_16_20_46_545.jpg,0.397512
/home/ashwin/Downloads/IMG/center_2021_03_24_16_20_46_646.jpg,0.09902358
/home/ashwin/Downloads/IMG/center_2021_03_24_16_20_46_746.jpg,0
/home/ashwin/Downloads/IMG/center_2021_03_24_16_20_46_846.jpg,0.06642938
/home/ashwin/Downloads/IMG/center_2021_03_24_16_20_46_947.jpg,0.1012716
/home/ashwin/Downloads/IMG/center_2021_03_24_16_20_47_048.jpg,0
/home/ashwin/Downloads/IMG/center_2021_03_24_16_20_47_148.jpg,0
/home/ashwin/Downloads/IMG/center_2021_03_24_16_20_47_249.jpg,0
/home/ashwin/Downloads/IMG/center_2021_03_24_16_20_47_349.jpg,0
/home/ashwin/Downloads/IMG/center_2021_03_24_16_20_47_450.jpg,0.1762233
/home/ashwin/Downloads/IMG/center_2021_03_24_16_20_47_550.jpg,0.3504632
/home/ashwin/Downloads/IMG/center_2021_03_24_16_20_47_651.jpg,0.05282736
/home/ashwin/Downloads/IMG/center_2021_03_24_16_20_47_752.jpg,0.08519697
/home/ashwin/Downloads/IMG/center_2021_03_24_16_20_47_853.jpg,0.3782787
/home/ashwin/Downloads/IMG/center_2021_03_24_16_20_47_953.jpg,0.07669187
/home/ashwin/Downloads/IMG/center_2021_03_24_16_20_48_055.jpg,0
/home/ashwin/Downloads/IMG/center_2021_03_24_16_20_48_155.jpg,0.005174875
/home/ashwin/Downloads/IMG/center_2021_03_24_16_20_48_256.jpg,0.1752963
/home/ashwin/Downloads/IMG/center_2021_03_24_16_20_48_356.jpg,0
/home/ashwin/Downloads/IMG/center_2021_03_24_16_20_48_457.jpg,0
/home/ashwin/Downloads/IMG/center_2021_03_24_16_20_48_558.jpg,0.07328725
/home/ashwin/Downloads/IMG/center_2021_03_24_16_20_48_659.jpg,0.02357197
/home/ashwin/Downloads/IMG/center_2021_03_24_16_20_48_761.jpg,0
/home/ashwin/Downloads/IMG/center_2021_03_24_16_20_48_862.jpg,0
/home/ashwin/Downloads/IMG/center_2021_03_24_16_20_48_963.jpg,0
/home/ashwin/Downloads/IMG/center_2021_03_24_16_20_49_063.jpg,0
/home/ashwin/Downloads/IMG/center_2021_03_24_16_20_49_164.jpg,0
/home/ashwin/Downloads/IMG/center_2021_03_24_16_20_49_264.jpg,0
/home/ashwin/Downloads/IMG/center_2021_03_24_16_20_49_366.jpg,0
/home/ashwin/Downloads/IMG/center_2021_03_24_16_20_49_467.jpg,0
/home/ashwin/Downloads/IMG/center_2021_03_24_16_20_49_568.jpg,0.2460873
/home/ashwin/Downloads/IMG/center_2021_03_24_16_20_49_670.jpg,0.1396194
/home/ashwin/Downloads/IMG/center_2021_03_24_16_20_49_770.jpg,0
/home/ashwin/Downloads/IMG/center_2021_03_24_16_20_49_872.jpg,0
/home/ashwin/Downloads/IMG/center_2021_03_24_16_20_49_973.jpg,0
/home/ashwin/Downloads/IMG/center_2021_03_24_16_20_50_073.jpg,0
/home/ashwin/Downloads/IMG/center_2021_03_24_16_20_50_174.jpg,0
/home/ashwin/Downloads/IMG/center_2021_03_24_16_20_50_275.jpg,-0.2461045
/home/ashwin/Downloads/IMG/center_2021_03_24_16_20_50_376.jpg,-0.2051096
/home/ashwin/Downloads/IMG/center_2021_03_24_16_20_50_477.jpg,0
/home/ashwin/Downloads/IMG/center_2021_03_24_16_20_50_582.jpg,-0.2853298
/home/ashwin/Downloads/IMG/center_2021_03_24_16_20_50_682.jpg,-0.02681065
/home/ashwin/Downloads/IMG/center_2021_03_24_16_20_50_784.jpg,0
/home/ashwin/Downloads/IMG/center_2021_03_24_16_20_50_887.jpg,0
/home/ashwin/Downloads/IMG/center_2021_03_24_16_20_50_988.jpg,0
/home/ashwin/Downloads/IMG/center_2021_03_24_16_20_51_088.jpg,0
/home/ashwin/Downloads/IMG/center_2021_03_24_16_20_51_189.jpg,-0.03059077
/home/ashwin/Downloads/IMG/center_2021_03_24_16_20_51_291.jpg,-0.329994
/home/ashwin/Downloads/IMG/center_2021_03_24_16_20_51_391.jpg,-0.04981184
/home/ashwin/Downloads/IMG/center_2021_03_24_16_20_51_492.jpg,0
/home/ashwin/Downloads/IMG/center_2021_03_24_16_20_51_592.jpg,0
/home/ashwin/Downloads/IMG/center_2021_03_24_16_20_51_693.jpg,0
/home/ashwin/Downloads/IMG/center_2021_03_24_16_20_51_793.jpg,-0.2363791
/home/ashwin/Downloads/IMG/center_2021_03_24_16_20_51_894.jpg,-0.3044972
/home/ashwin/Downloads/IMG/center_2021_03_24_16_20_51_995.jpg,-0.003912449
/home/ashwin/Downloads/IMG/center_2021_03_24_16_20_52_095.jpg,-0.241554
/home/ashwin/Downloads/IMG/center_2021_03_24_16_20_52_196.jpg,-0.250416
/home/ashwin/Downloads/IMG/center_2021_03_24_16_20_52_296.jpg,0
/home/ashwin/Downloads/IMG/center_2021_03_24_16_20_52_397.jpg,-0.201165
/home/ashwin/Downloads/IMG/center_2021_03_24_16_20_52_497.jpg,-0.1616635
/home/ashwin/Downloads/IMG/center_2021_03_24_16_20_52_598.jpg,0
/home/ashwin/Downloads/IMG/center_2021_03_24_16_20_52_699.jpg,-0.2705677
/home/ashwin/Downloads/IMG/center_2021_03_24_16_20_52_799.jpg,-0.2036798
/home/ashwin/Downloads/IMG/center_2021_03_24_16_20_52_900.jpg,-0.1083312
/home/ashwin/Downloads/IMG/center_2021_03_24_16_20_53_000.jpg,-0.3698895
/home/ashwin/Downloads/IMG/center_2021_03_24_16_20_53_100.jpg,-0.06942773
/home/ashwin/Downloads/IMG/center_2021_03_24_16_20_53_201.jpg,-0.2980306
/home/ashwin/Downloads/IMG/center_2021_03_24_16_20_53_301.jpg,-0.07461476
/home/ashwin/Downloads/IMG/center_2021_03_24_16_20_53_403.jpg,-0.2978897
/home/ashwin/Downloads/IMG/center_2021_03_24_16_20_53_504.jpg,-0.2651353
/home/ashwin/Downloads/IMG/center_2021_03_24_16_20_53_604.jpg,-0.2031562
/home/ashwin/Downloads/IMG/center_2021_03_24_16_20_53_704.jpg,-0.3486471
/home/ashwin/Downloads/IMG/center_2021_03_24_16_20_53_805.jpg,-0.05499172
/home/ashwin/Downloads/IMG/center_2021_03_24_16_20_53_906.jpg,-0.3547096
/home/ashwin/Downloads/IMG/center_2021_03_24_16_20_54_006.jpg,-0.1500342
/home/ashwin/Downloads/IMG/center_2021_03_24_16_20_54_106.jpg,-0.1946747
/home/ashwin/Downloads/IMG/center_2021_03_24_16_20_54_207.jpg,-0.3159614
/home/ashwin/Downloads/IMG/center_2021_03_24_16_20_54_308.jpg,-0.3139129
/home/ashwin/Downloads/IMG/center_2021_03_24_16_20_54_409.jpg,-0.3896863
/home/ashwin/Downloads/IMG/center_2021_03_24_16_20_54_509.jpg,-0.3678253
/home/ashwin/Downloads/IMG/center_2021_03_24_16_20_54_611.jpg,-0.4758976
/home/ashwin/Downloads/IMG/center_2021_03_24_16_20_54_711.jpg,-0.1759214
/home/ashwin/Downloads/IMG/center_2021_03_24_16_20_54_811.jpg,-0.3962817
/home/ashwin/Downloads/IMG/center_2021_03_24_16_20_54_912.jpg,-0.09552884
/home/ashwin/Downloads/IMG/center_2021_03_24_16_20_55_013.jpg,0
/home/ashwin/Downloads/IMG/center_2021_03_24_16_20_55_113.jpg,0
/home/ashwin/Downloads/IMG/center_2021_03_24_16_20_55_214.jpg,0
/home/ashwin/Downloads/IMG/center_2021_03_24_16_20_55_314.jpg,-0.2075157
/home/ashwin/Downloads/IMG/center_2021_03_24_16_20_55_414.jpg,-0.2633107
/home/ashwin/Downloads/IMG/center_2021_03_24_16_20_55_514.jpg,-0.2535632
/home/ashwin/Downloads/IMG/center_2021_03_24_16_20_55_615.jpg,-0.244425
/home/ashwin/Downloads/IMG/center_2021_03_24_16_20_55_715.jpg,-0.06865811
/home/ashwin/Downloads/IMG/center_2021_03_24_16_20_55_818.jpg,-0.167769
/home/ashwin/Downloads/IMG/center_2021_03_24_16_20_55_919.jpg,-0.08106565
/home/ashwin/Downloads/IMG/center_2021_03_24_16_20_56_019.jpg,-0.1814611
/home/ashwin/Downloads/IMG/center_2021_03_24_16_20_56_121.jpg,-0.1583333
/home/ashwin/Downloads/IMG/center_2021_03_24_16_20_56_227.jpg,-0.08864093
/home/ashwin/Downloads/IMG/center_2021_03_24_16_20_56_327.jpg,-0.364053
/home/ashwin/Downloads/IMG/center_2021_03_24_16_20_56_427.jpg,-0.215651
/home/ashwin/Downloads/IMG/center_2021_03_24_16_20_56_528.jpg,-0.5123155
/home/ashwin/Downloads/IMG/center_2021_03_24_16_20_56_629.jpg,-0.4115989
/home/ashwin/Downloads/IMG/center_2021_03_24_16_20_56_729.jpg,-0.397625
/home/ashwin/Downloads/IMG/center_2021_03_24_16_20_56_829.jpg,-0.3553005
/home/ashwin/Downloads/IMG/center_2021_03_24_16_20_56_930.jpg,-0.2128243
/home/ashwin/Downloads/IMG/center_2021_03_24_16_20_57_031.jpg,-0.007154703
/home/ashwin/Downloads/IMG/center_2021_03_24_16_20_57_131.jpg,-0.2558491
/home/ashwin/Downloads/IMG/center_2021_03_24_16_20_57_232.jpg,-0.1147828
/home/ashwin/Downloads/IMG/center_2021_03_24_16_20_57_337.jpg,-0.2046482
/home/ashwin/Downloads/IMG/center_2021_03_24_16_20_57_438.jpg,-0.2757547
/home/ashwin/Downloads/IMG/center_2021_03_24_16_20_57_538.jpg,-0.1598024
/home/ashwin/Downloads/IMG/center_2021_03_24_16_20_57_639.jpg,-0.4180391
/home/ashwin/Downloads/IMG/center_2021_03_24_16_20_57_739.jpg,-0.2576716
/home/ashwin/Downloads/IMG/center_2021_03_24_16_20_57_840.jpg,-0.3405891
/home/ashwin/Downloads/IMG/center_2021_03_24_16_20_57_941.jpg,-0.3554356
/home/ashwin/Downloads/IMG/center_2021_03_24_16_20_58_041.jpg,-0.2593153
/home/ashwin/Downloads/IMG/center_2021_03_24_16_20_58_141.jpg,-0.3904331
/home/ashwin/Downloads/IMG/center_2021_03_24_16_20_58_242.jpg,-0.1375208
/home/ashwin/Downloads/IMG/center_2021_03_24_16_20_58_342.jpg,-0.3243012
/home/ashwin/Downloads/IMG/center_2021_03_24_16_20_58_444.jpg,-0.02357197
/home/ashwin/Downloads/IMG/center_2021_03_24_16_20_58_545.jpg,0
/home/ashwin/Downloads/IMG/center_2021_03_24_16_20_58_646.jpg,0
/home/ashwin/Downloads/IMG/center_2021_03_24_16_20_58_748.jpg,0
/home/ashwin/Downloads/IMG/center_2021_03_24_16_20_58_849.jpg,0
/home/ashwin/Downloads/IMG/center_2021_03_24_16_20_58_950.jpg,-0.2098982
/home/ashwin/Downloads/IMG/center_2021_03_24_16_20_59_051.jpg,-0.04048777
/home/ashwin/Downloads/IMG/center_2021_03_24_16_20_59_152.jpg,0
/home/ashwin/Downloads/IMG/center_2021_03_24_16_20_59_253.jpg,0
/home/ashwin/Downloads/IMG/center_2021_03_24_16_20_59_354.jpg,0
/home/ashwin/Downloads/IMG/center_2021_03_24_16_20_59_455.jpg,0
/home/ashwin/Downloads/IMG/center_2021_03_24_16_20_59_556.jpg,0
/home/ashwin/Downloads/IMG/center_2021_03_24_16_20_59_658.jpg,0
/home/ashwin/Downloads/IMG/center_2021_03_24_16_20_59_760.jpg,0
/home/ashwin/Downloads/IMG/center_2021_03_24_16_20_59_861.jpg,0
/home/ashwin/Downloads/IMG/center_2021_03_24_16_20_59_963.jpg,0
/home/ashwin/Downloads/IMG/center_2021_03_24_16_21_00_070.jpg,0
/home/ashwin/Downloads/IMG/center_2021_03_24_16_21_00_171.jpg,0
/home/ashwin/Downloads/IMG/center_2021_03_24_16_21_00_272.jpg,0
/home/ashwin/Downloads/IMG/center_2021_03_24_16_21_00_373.jpg,0
/home/ashwin/Downloads/IMG/center_2021_03_24_16_21_00_474.jpg,0
/home/ashwin/Downloads/IMG/center_2021_03_24_16_21_00_574.jpg,0
/home/ashwin/Downloads/IMG/center_2021_03_24_16_21_00_675.jpg,0
/home/ashwin/Downloads/IMG/center_2021_03_24_16_21_00_775.jpg,0
/home/ashwin/Downloads/IMG/center_2021_03_24_16_21_00_876.jpg,0
/home/ashwin/Downloads/IMG/center_2021_03_24_16_21_00_976.jpg,0
/home/ashwin/Downloads/IMG/center_2021_03_24_16_21_01_077.jpg,0
/home/ashwin/Downloads/IMG/center_2021_03_24_16_21_01_177.jpg,0
/home/ashwin/Downloads/IMG/center_2021_03_24_16_21_01_278.jpg,0
/home/ashwin/Downloads/IMG/center_2021_03_24_16_21_01_381.jpg,0
/home/ashwin/Downloads/IMG/center_2021_03_24_16_21_01_482.jpg,0
/home/ashwin/Downloads/IMG/center_2021_03_24_16_21_01_583.jpg,0
/home/ashwin/Downloads/IMG/center_2021_03_24_16_21_01_684.jpg,0
/home/ashwin/Downloads/IMG/center_2021_03_24_16_21_01_785.jpg,0.04908872
/home/ashwin/Downloads/IMG/center_2021_03_24_16_21_01_886.jpg,0.3463411
/home/ashwin/Downloads/IMG/center_2021_03_24_16_21_01_986.jpg,0.05436301
/home/ashwin/Downloads/IMG/center_2021_03_24_16_21_02_087.jpg,0
/home/ashwin/Downloads/IMG/center_2021_03_24_16_21_02_188.jpg,0
/home/ashwin/Downloads/IMG/center_2021_03_24_16_21_02_289.jpg,0
/home/ashwin/Downloads/IMG/center_2021_03_24_16_21_02_389.jpg,0.1936469
/home/ashwin/Downloads/IMG/center_2021_03_24_16_21_02_490.jpg,0
/home/ashwin/Downloads/IMG/center_2021_03_24_16_21_02_591.jpg,0
/home/ashwin/Downloads/IMG/center_2021_03_24_16_21_02_692.jpg,0
/home/ashwin/Downloads/IMG/center_2021_03_24_16_21_02_793.jpg,0
/home/ashwin/Downloads/IMG/center_2021_03_24_16_21_02_893.jpg,0
/home/ashwin/Downloads/IMG/center_2021_03_24_16_21_02_994.jpg,0.113898
/home/ashwin/Downloads/IMG/center_2021_03_24_16_21_03_095.jpg,0.2503688
/home/ashwin/Downloads/IMG/center_2021_03_24_16_21_03_195.jpg,0
/home/ashwin/Downloads/IMG/center_2021_03_24_16_21_03_297.jpg,0.1903195
/home/ashwin/Downloads/IMG/center_2021_03_24_16_21_03_397.jpg,0.08772898
/home/ashwin/Downloads/IMG/center_2021_03_24_16_21_03_498.jpg,0
/home/ashwin/Downloads/IMG/center_2021_03_24_16_21_03_599.jpg,0.1192503
/home/ashwin/Downloads/IMG/center_2021_03_24_16_21_03_699.jpg,0.4180591
/home/ashwin/Downloads/IMG/center_2021_03_24_16_21_03_800.jpg,0.1353507
/home/ashwin/Downloads/IMG/center_2021_03_24_16_21_03_901.jpg,0
/home/ashwin/Downloads/IMG/center_2021_03_24_16_21_04_002.jpg,0.281913
/home/ashwin/Downloads/IMG/center_2021_03_24_16_21_04_103.jpg,0.1681981
/home/ashwin/Downloads/IMG/center_2021_03_24_16_21_04_204.jpg,0.3004446
/home/ashwin/Downloads/IMG/center_2021_03_24_16_21_04_304.jpg,0.5993671
/home/ashwin/Downloads/IMG/center_2021_03_24_16_21_04_405.jpg,0.8992867
/home/ashwin/Downloads/IMG/center_2021_03_24_16_21_04_506.jpg,0.782052
/home/ashwin/Downloads/IMG/center_2021_03_24_16_21_04_607.jpg,0.4812269
/home/ashwin/Downloads/IMG/center_2021_03_24_16_21_04_707.jpg,0.1815777
/home/ashwin/Downloads/IMG/center_2021_03_24_16_21_04_808.jpg,0
/home/ashwin/Downloads/IMG/center_2021_03_24_16_21_04_908.jpg,-0.2212586
/home/ashwin/Downloads/IMG/center_2021_03_24_16_21_05_009.jpg,0
/home/ashwin/Downloads/IMG/center_2021_03_24_16_21_05_109.jpg,0
/home/ashwin/Downloads/IMG/center_2021_03_24_16_21_05_209.jpg,0
/home/ashwin/Downloads/IMG/center_2021_03_24_16_21_05_309.jpg,0
/home/ashwin/Downloads/IMG/center_2021_03_24_16_21_05_411.jpg,0
/home/ashwin/Downloads/IMG/center_2021_03_24_16_21_05_511.jpg,0
/home/ashwin/Downloads/IMG/center_2021_03_24_16_21_05_612.jpg,0
/home/ashwin/Downloads/IMG/center_2021_03_24_16_21_05_712.jpg,0
/home/ashwin/Downloads/IMG/center_2021_03_24_16_21_05_813.jpg,0
/home/ashwin/Downloads/IMG/center_2021_03_24_16_21_05_913.jpg,0
/home/ashwin/Downloads/IMG/center_2021_03_24_16_21_06_014.jpg,-0.154506
/home/ashwin/Downloads/IMG/center_2021_03_24_16_21_06_114.jpg,-0.2184162
/home/ashwin/Downloads/IMG/center_2021_03_24_16_21_06_218.jpg,0
/home/ashwin/Downloads/IMG/center_2021_03_24_16_21_06_319.jpg,0
/home/ashwin/Downloads/IMG/center_2021_03_24_16_21_06_419.jpg,0
/home/ashwin/Downloads/IMG/center_2021_03_24_16_21_06_520.jpg,0
/home/ashwin/Downloads/IMG/center_2021_03_24_16_21_06_621.jpg,0
/home/ashwin/Downloads/IMG/center_2021_03_24_16_21_06_722.jpg,0
/home/ashwin/Downloads/IMG/center_2021_03_24_16_21_06_822.jpg,-0.01934695
/home/ashwin/Downloads/IMG/center_2021_03_24_16_21_06_923.jpg,-0.3183453
/home/ashwin/Downloads/IMG/center_2021_03_24_16_21_07_023.jpg,-0.1481788
/home/ashwin/Downloads/IMG/center_2021_03_24_16_21_07_124.jpg,0
/home/ashwin/Downloads/IMG/center_2021_03_24_16_21_07_224.jpg,-0.2728887
/home/ashwin/Downloads/IMG/center_2021_03_24_16_21_07_325.jpg,0
/home/ashwin/Downloads/IMG/center_2021_03_24_16_21_07_426.jpg,-0.1074543
/home/ashwin/Downloads/IMG/center_2021_03_24_16_21_07_526.jpg,-0.2182117
/home/ashwin/Downloads/IMG/center_2021_03_24_16_21_07_626.jpg,-0.02146482
/home/ashwin/Downloads/IMG/center_2021_03_24_16_21_07_727.jpg,-0.321177
/home/ashwin/Downloads/IMG/center_2021_03_24_16_21_07_827.jpg,-0.3067045
/home/ashwin/Downloads/IMG/center_2021_03_24_16_21_07_928.jpg,-0.2788546
/home/ashwin/Downloads/IMG/center_2021_03_24_16_21_08_029.jpg,-0.5019028
/home/ashwin/Downloads/IMG/center_2021_03_24_16_21_08_129.jpg,-0.2037535
/home/ashwin/Downloads/IMG/center_2021_03_24_16_21_08_231.jpg,-0.4196992
/home/ashwin/Downloads/IMG/center_2021_03_24_16_21_08_334.jpg,-0.12011
/home/ashwin/Downloads/IMG/center_2021_03_24_16_21_08_434.jpg,-0.02457905
/home/ashwin/Downloads/IMG/center_2021_03_24_16_21_08_535.jpg,-0.152245
/home/ashwin/Downloads/IMG/center_2021_03_24_16_21_08_636.jpg,0
/home/ashwin/Downloads/IMG/center_2021_03_24_16_21_08_737.jpg,-0.01925397
/home/ashwin/Downloads/IMG/center_2021_03_24_16_21_08_837.jpg,0
/home/ashwin/Downloads/IMG/center_2021_03_24_16_21_08_938.jpg,-0.132813
/home/ashwin/Downloads/IMG/center_2021_03_24_16_21_09_038.jpg,-0.2373512
/home/ashwin/Downloads/IMG/center_2021_03_24_16_21_09_139.jpg,-0.1025312
/home/ashwin/Downloads/IMG/center_2021_03_24_16_21_09_239.jpg,-0.2417336
/home/ashwin/Downloads/IMG/center_2021_03_24_16_21_09_340.jpg,0
/home/ashwin/Downloads/IMG/center_2021_03_24_16_21_09_440.jpg,-0.06392097
/home/ashwin/Downloads/IMG/center_2021_03_24_16_21_09_541.jpg,-0.2790871
/home/ashwin/Downloads/IMG/center_2021_03_24_16_21_09_642.jpg,0
/home/ashwin/Downloads/IMG/center_2021_03_24_16_21_09_742.jpg,-0.2605705
/home/ashwin/Downloads/IMG/center_2021_03_24_16_21_09_843.jpg,-0.1184971
/home/ashwin/Downloads/IMG/center_2021_03_24_16_21_09_944.jpg,0
/home/ashwin/Downloads/IMG/center_2021_03_24_16_21_10_044.jpg,0
/home/ashwin/Downloads/IMG/center_2021_03_24_16_21_10_144.jpg,0
/home/ashwin/Downloads/IMG/center_2021_03_24_16_21_10_245.jpg,0
/home/ashwin/Downloads/IMG/center_2021_03_24_16_21_10_345.jpg,0
/home/ashwin/Downloads/IMG/center_2021_03_24_16_21_10_445.jpg,0
/home/ashwin/Downloads/IMG/center_2021_03_24_16_21_10_547.jpg,0
/home/ashwin/Downloads/IMG/center_2021_03_24_16_21_10_648.jpg,0.1575358
/home/ashwin/Downloads/IMG/center_2021_03_24_16_21_10_749.jpg,0.347939
/home/ashwin/Downloads/IMG/center_2021_03_24_16_21_10_850.jpg,0.1146777
/home/ashwin/Downloads/IMG/center_2021_03_24_16_21_10_951.jpg,0.4178431
/home/ashwin/Downloads/IMG/center_2021_03_24_16_21_11_051.jpg,0.357718
/home/ashwin/Downloads/IMG/center_2021_03_24_16_21_11_152.jpg,0.287329
/home/ashwin/Downloads/IMG/center_2021_03_24_16_21_11_253.jpg,0.3416655
/home/ashwin/Downloads/IMG/center_2021_03_24_16_21_11_353.jpg,0.04184604
/home/ashwin/Downloads/IMG/center_2021_03_24_16_21_11_454.jpg,0.07598019
/home/ashwin/Downloads/IMG/center_2021_03_24_16_21_11_555.jpg,0.01700091
/home/ashwin/Downloads/IMG/center_2021_03_24_16_21_11_655.jpg,0.3009295
/home/ashwin/Downloads/IMG/center_2021_03_24_16_21_11_756.jpg,0.002660751
/home/ashwin/Downloads/IMG/center_2021_03_24_16_21_11_857.jpg,0.2819188
/home/ashwin/Downloads/IMG/center_2021_03_24_16_21_11_957.jpg,0.2131591
/home/ashwin/Downloads/IMG/center_2021_03_24_16_21_12_057.jpg,0
/home/ashwin/Downloads/IMG/center_2021_03_24_16_21_12_158.jpg,0
/home/ashwin/Downloads/IMG/center_2021_03_24_16_21_12_258.jpg,0
/home/ashwin/Downloads/IMG/center_2021_03_24_16_21_12_359.jpg,0
/home/ashwin/Downloads/IMG/center_2021_03_24_16_21_12_459.jpg,0
/home/ashwin/Downloads/IMG/center_2021_03_24_16_21_12_560.jpg,0
/home/ashwin/Downloads/IMG/center_2021_03_24_16_21_12_661.jpg,-0.1768141
/home/ashwin/Downloads/IMG/center_2021_03_24_16_21_12_761.jpg,-0.4769726
/home/ashwin/Downloads/IMG/center_2021_03_24_16_21_12_861.jpg,-0.3087115
/home/ashwin/Downloads/IMG/center_2021_03_24_16_21_12_962.jpg,-0.612093
/home/ashwin/Downloads/IMG/center_2021_03_24_16_21_13_063.jpg,-0.5260563
/home/ashwin/Downloads/IMG/center_2021_03_24_16_21_13_164.jpg,-0.6006188
/home/ashwin/Downloads/IMG/center_2021_03_24_16_21_13_265.jpg,-0.6727903
/home/ashwin/Downloads/IMG/center_2021_03_24_16_21_13_366.jpg,-0.6793277
/home/ashwin/Downloads/IMG/center_2021_03_24_16_21_13_466.jpg,-0.6626329
/home/ashwin/Downloads/IMG/center_2021_03_24_16_21_13_566.jpg,-0.3609438
/home/ashwin/Downloads/IMG/center_2021_03_24_16_21_13_667.jpg,-0.06317925
/home/ashwin/Downloads/IMG/center_2021_03_24_16_21_13_768.jpg,0
/home/ashwin/Downloads/IMG/center_2021_03_24_16_21_13_868.jpg,0
/home/ashwin/Downloads/IMG/center_2021_03_24_16_21_13_968.jpg,0
/home/ashwin/Downloads/IMG/center_2021_03_24_16_21_14_069.jpg,0
/home/ashwin/Downloads/IMG/center_2021_03_24_16_21_14_169.jpg,-0.30075
/home/ashwin/Downloads/IMG/center_2021_03_24_16_21_14_270.jpg,-0.1818037
/home/ashwin/Downloads/IMG/center_2021_03_24_16_21_14_371.jpg,-0.2328007
/home/ashwin/Downloads/IMG/center_2021_03_24_16_21_14_472.jpg,-0.1386058
/home/ashwin/Downloads/IMG/center_2021_03_24_16_21_14_572.jpg,-0.02187252
/home/ashwin/Downloads/IMG/center_2021_03_24_16_21_14_672.jpg,-0.321117
/home/ashwin/Downloads/IMG/center_2021_03_24_16_21_14_772.jpg,-0.1160066
/home/ashwin/Downloads/IMG/center_2021_03_24_16_21_14_872.jpg,-0.3068962
/home/ashwin/Downloads/IMG/center_2021_03_24_16_21_14_974.jpg,-0.1723215
/home/ashwin/Downloads/IMG/center_2021_03_24_16_21_15_074.jpg,-0.2713301
/home/ashwin/Downloads/IMG/center_2021_03_24_16_21_15_174.jpg,-0.3997929
/home/ashwin/Downloads/IMG/center_2021_03_24_16_21_15_276.jpg,-0.5818005
/home/ashwin/Downloads/IMG/center_2021_03_24_16_21_15_377.jpg,-0.6354439
/home/ashwin/Downloads/IMG/center_2021_03_24_16_21_15_478.jpg,-0.3333406
/home/ashwin/Downloads/IMG/center_2021_03_24_16_21_15_578.jpg,-0.03289962
/home/ashwin/Downloads/IMG/center_2021_03_24_16_21_15_681.jpg,-0.1774263
/home/ashwin/Downloads/IMG/center_2021_03_24_16_21_15_781.jpg,-0.2955029
/home/ashwin/Downloads/IMG/center_2021_03_24_16_21_15_882.jpg,-0.1787724
/home/ashwin/Downloads/IMG/center_2021_03_24_16_21_15_984.jpg,-0.4844727
/home/ashwin/Downloads/IMG/center_2021_03_24_16_21_16_086.jpg,-0.2238536
/home/ashwin/Downloads/IMG/center_2021_03_24_16_21_16_187.jpg,-0.5251858
/home/ashwin/Downloads/IMG/center_2021_03_24_16_21_16_288.jpg,-0.3682137
/home/ashwin/Downloads/IMG/center_2021_03_24_16_21_16_389.jpg,-0.6685231
/home/ashwin/Downloads/IMG/center_2021_03_24_16_21_16_490.jpg,-0.6126144
/home/ashwin/Downloads/IMG/center_2021_03_24_16_21_16_593.jpg,-0.3136075
/home/ashwin/Downloads/IMG/center_2021_03_24_16_21_16_694.jpg,-0.01191831
/home/ashwin/Downloads/IMG/center_2021_03_24_16_21_16_795.jpg,0
/home/ashwin/Downloads/IMG/center_2021_03_24_16_21_16_895.jpg,-0.1740539
/home/ashwin/Downloads/IMG/center_2021_03_24_16_21_16_996.jpg,-0.1468534
/home/ashwin/Downloads/IMG/center_2021_03_24_16_21_17_099.jpg,-0.1190965
/home/ashwin/Downloads/IMG/center_2021_03_24_16_21_17_201.jpg,-0.2296851
/home/ashwin/Downloads/IMG/center_2021_03_24_16_21_17_302.jpg,-0.05842209
/home/ashwin/Downloads/IMG/center_2021_03_24_16_21_17_403.jpg,-0.2954071
/home/ashwin/Downloads/IMG/center_2021_03_24_16_21_17_506.jpg,-0.02329516
/home/ashwin/Downloads/IMG/center_2021_03_24_16_21_17_608.jpg,-0.3563919
/home/ashwin/Downloads/IMG/center_2021_03_24_16_21_17_709.jpg,-0.0653944
/home/ashwin/Downloads/IMG/center_2021_03_24_16_21_17_810.jpg,-0.3671851
/home/ashwin/Downloads/IMG/center_2021_03_24_16_21_17_910.jpg,-0.07218575
/home/ashwin/Downloads/IMG/center_2021_03_24_16_21_18_011.jpg,-0.2309661
/home/ashwin/Downloads/IMG/center_2021_03_24_16_21_18_111.jpg,-0.1150732
/home/ashwin/Downloads/IMG/center_2021_03_24_16_21_18_211.jpg,-0.1930132
/home/ashwin/Downloads/IMG/center_2021_03_24_16_21_18_314.jpg,-0.2170379
/home/ashwin/Downloads/IMG/center_2021_03_24_16_21_18_415.jpg,-0.1215513
/home/ashwin/Downloads/IMG/center_2021_03_24_16_21_18_515.jpg,-0.3596971
/home/ashwin/Downloads/IMG/center_2021_03_24_16_21_18_622.jpg,-0.1091645
/home/ashwin/Downloads/IMG/center_2021_03_24_16_21_18_723.jpg,-0.4007935
/home/ashwin/Downloads/IMG/center_2021_03_24_16_21_18_824.jpg,-0.1027436
/home/ashwin/Downloads/IMG/center_2021_03_24_16_21_18_925.jpg,0
/home/ashwin/Downloads/IMG/center_2021_03_24_16_21_19_026.jpg,0
/home/ashwin/Downloads/IMG/center_2021_03_24_16_21_19_128.jpg,0
/home/ashwin/Downloads/IMG/center_2021_03_24_16_21_19_229.jpg,0
/home/ashwin/Downloads/IMG/center_2021_03_24_16_21_19_329.jpg,0
/home/ashwin/Downloads/IMG/center_2021_03_24_16_21_19_431.jpg,0
/home/ashwin/Downloads/IMG/center_2021_03_24_16_21_19_531.jpg,0
/home/ashwin/Downloads/IMG/center_2021_03_24_16_21_19_632.jpg,0
/home/ashwin/Downloads/IMG/center_2021_03_24_16_21_19_743.jpg,0
/home/ashwin/Downloads/IMG/center_2021_03_24_16_21_19_843.jpg,0
/home/ashwin/Downloads/IMG/center_2021_03_24_16_21_19_945.jpg,0
/home/ashwin/Downloads/IMG/center_2021_03_24_16_21_20_046.jpg,0
/home/ashwin/Downloads/IMG/center_2021_03_24_16_21_20_148.jpg,0
/home/ashwin/Downloads/IMG/center_2021_03_24_16_21_20_249.jpg,0
/home/ashwin/Downloads/IMG/center_2021_03_24_16_21_20_350.jpg,0
/home/ashwin/Downloads/IMG/center_2021_03_24_16_21_20_450.jpg,0
/home/ashwin/Downloads/IMG/center_2021_03_24_16_21_20_551.jpg,0
/home/ashwin/Downloads/IMG/center_2021_03_24_16_21_20_653.jpg,0
/home/ashwin/Downloads/IMG/center_2021_03_24_16_21_20_753.jpg,0
/home/ashwin/Downloads/IMG/center_2021_03_24_16_21_20_855.jpg,0
/home/ashwin/Downloads/IMG/center_2021_03_24_16_21_20_955.jpg,0
/home/ashwin/Downloads/IMG/center_2021_03_24_16_21_21_057.jpg,0
/home/ashwin/Downloads/IMG/center_2021_03_24_16_21_21_158.jpg,0
/home/ashwin/Downloads/IMG/center_2021_03_24_16_21_21_259.jpg,0
/home/ashwin/Downloads/IMG/center_2021_03_24_16_21_21_360.jpg,0
/home/ashwin/Downloads/IMG/center_2021_03_24_16_21_21_461.jpg,0
/home/ashwin/Downloads/IMG/center_2021_03_24_16_21_21_562.jpg,0
/home/ashwin/Downloads/IMG/center_2021_03_24_16_21_21_663.jpg,0
/home/ashwin/Downloads/IMG/center_2021_03_24_16_21_21_764.jpg,0
/home/ashwin/Downloads/IMG/center_2021_03_24_16_21_21_866.jpg,0
/home/ashwin/Downloads/IMG/center_2021_03_24_16_21_21_967.jpg,0
/home/ashwin/Downloads/IMG/center_2021_03_24_16_21_22_067.jpg,0
/home/ashwin/Downloads/IMG/center_2021_03_24_16_21_22_169.jpg,0
/home/ashwin/Downloads/IMG/center_2021_03_24_16_21_22_269.jpg,0
/home/ashwin/Downloads/IMG/center_2021_03_24_16_21_22_371.jpg,0
/home/ashwin/Downloads/IMG/center_2021_03_24_16_21_22_474.jpg,0
/home/ashwin/Downloads/IMG/center_2021_03_24_16_21_22_574.jpg,0
/home/ashwin/Downloads/IMG/center_2021_03_24_16_21_22_675.jpg,0
/home/ashwin/Downloads/IMG/center_2021_03_24_16_21_22_777.jpg,0
/home/ashwin/Downloads/IMG/center_2021_03_24_16_21_22_879.jpg,0
/home/ashwin/Downloads/IMG/center_2021_03_24_16_21_22_980.jpg,0
/home/ashwin/Downloads/IMG/center_2021_03_24_16_21_23_081.jpg,0
/home/ashwin/Downloads/IMG/center_2021_03_24_16_21_23_181.jpg,0
/home/ashwin/Downloads/IMG/center_2021_03_24_16_21_23_282.jpg,0
/home/ashwin/Downloads/IMG/center_2021_03_24_16_21_23_384.jpg,0
/home/ashwin/Downloads/IMG/center_2021_03_24_16_21_23_484.jpg,0
/home/ashwin/Downloads/IMG/center_2021_03_24_16_21_23_585.jpg,0
/home/ashwin/Downloads/IMG/center_2021_03_24_16_21_23_685.jpg,0
/home/ashwin/Downloads/IMG/center_2021_03_24_16_21_23_786.jpg,0
/home/ashwin/Downloads/IMG/center_2021_03_24_16_21_23_887.jpg,0
/home/ashwin/Downloads/IMG/center_2021_03_24_16_21_23_989.jpg,0
/home/ashwin/Downloads/IMG/center_2021_03_24_16_21_24_090.jpg,0
/home/ashwin/Downloads/IMG/center_2021_03_24_16_21_24_191.jpg,0
/home/ashwin/Downloads/IMG/center_2021_03_24_16_21_24_291.jpg,0
/home/ashwin/Downloads/IMG/center_2021_03_24_16_21_24_393.jpg,0
/home/ashwin/Downloads/IMG/center_2021_03_24_16_21_24_494.jpg,0
/home/ashwin/Downloads/IMG/center_2021_03_24_16_21_24_595.jpg,0
/home/ashwin/Downloads/IMG/center_2021_03_24_16_21_24_696.jpg,0
/home/ashwin/Downloads/IMG/center_2021_03_24_16_21_24_797.jpg,0
/home/ashwin/Downloads/IMG/center_2021_03_24_16_21_24_898.jpg,0
/home/ashwin/Downloads/IMG/center_2021_03_24_16_21_25_000.jpg,0
/home/ashwin/Downloads/IMG/center_2021_03_24_16_21_25_102.jpg,0
/home/ashwin/Downloads/IMG/center_2021_03_24_16_21_25_202.jpg,0
/home/ashwin/Downloads/IMG/center_2021_03_24_16_21_25_302.jpg,0
/home/ashwin/Downloads/IMG/center_2021_03_24_16_21_25_402.jpg,0
